"route","file","issue_id","detail"
"/advertise/","advertise/index.html","many_inline_light_backgrounds","8 inline light backgrounds may need token coverage."
"/advertise/","advertise/index.html","many_inline_dark_text_colors","11 inline dark text colors may clash in dark mode."
"/algeria/dz-vat","algeria/dz-vat.html","many_inline_dark_text_colors","7 inline dark text colors may clash in dark mode."
"/angola/ao-vat","angola/ao-vat.html","many_inline_dark_text_colors","7 inline dark text colors may clash in dark mode."
"/benin/bj-vat","benin/bj-vat.html","many_inline_dark_text_colors","7 inline dark text colors may clash in dark mode."
"/botswana/bw-vat","botswana/bw-vat.html","many_inline_dark_text_colors","7 inline dark text colors may clash in dark mode."
"/burkina-faso/bf-vat","burkina-faso/bf-vat.html","many_inline_dark_text_colors","7 inline dark text colors may clash in dark mode."
"/burundi/bi-vat","burundi/bi-vat.html","many_inline_dark_text_colors","7 inline dark text colors may clash in dark mode."
"/cameroon/cm-vat","cameroon/cm-vat.html","many_inline_dark_text_colors","7 inline dark text colors may clash in dark mode."
"/cape-verde/cv-vat","cape-verde/cv-vat.html","many_inline_dark_text_colors","7 inline dark text colors may clash in dark mode."
"/car/cf-vat","car/cf-vat.html","many_inline_dark_text_colors","7 inline dark text colors may clash in dark mode."
"/chad/td-vat","chad/td-vat.html","many_inline_dark_text_colors","7 inline dark text colors may clash in dark mode."
"/comoros/km-vat","comoros/km-vat.html","many_inline_dark_text_colors","7 inline dark text colors may clash in dark mode."
"/congo/cg-vat","congo/cg-vat.html","many_inline_dark_text_colors","7 inline dark text colors may clash in dark mode."
"/cote-divoire/ci-vat","cote-divoire/ci-vat.html","many_inline_dark_text_colors","7 inline dark text colors may clash in dark mode."
"/dashboard/","dashboard/index.html","many_inline_light_backgrounds","8 inline light backgrounds may need token coverage."
"/djibouti/dj-vat","djibouti/dj-vat.html","many_inline_dark_text_colors","7 inline dark text colors may clash in dark mode."
"/dr-congo/cd-vat","dr-congo/cd-vat.html","many_inline_dark_text_colors","7 inline dark text colors may clash in dark mode."
"/eq-guinea/gq-vat","eq-guinea/gq-vat.html","many_inline_dark_text_colors","7 inline dark text colors may clash in dark mode."
"/eritrea/er-vat","eritrea/er-vat.html","many_inline_dark_text_colors","7 inline dark text colors may clash in dark mode."
"/eswatini/sz-vat","eswatini/sz-vat.html","many_inline_dark_text_colors","7 inline dark text colors may clash in dark mode."
"/fr/blog/calculer-salaire-net-senegal/","fr/blog/calculer-salaire-net-senegal/index.html","no_dark_mode_loader_signal","No dark-mode loader or theme signal found in page source."
"/fr/cape-verde/cv-vat/","fr/cape-verde/cv-vat/index.html","many_inline_dark_text_colors","7 inline dark text colors may clash in dark mode."
"/fr/categories/","fr/categories/index.html","many_inline_light_backgrounds","12 inline light backgrounds may need token coverage."
"/fr/categories/","fr/categories/index.html","many_inline_dark_text_colors","12 inline dark text colors may clash in dark mode."
"/fr/eq-guinea/gq-vat/","fr/eq-guinea/gq-vat/index.html","many_inline_dark_text_colors","7 inline dark text colors may clash in dark mode."
"/fr/madagascar/calculateur-tva","fr/madagascar/calculateur-tva.html","many_inline_dark_text_colors","6 inline dark text colors may clash in dark mode."
"/fr/tchad/calculateur-tva","fr/tchad/calculateur-tva.html","many_inline_dark_text_colors","6 inline dark text colors may clash in dark mode."
"/fr/tools/calculateur-japa/","fr/tools/calculateur-japa/index.html","many_inline_light_backgrounds","6 inline light backgrounds may need token coverage."
"/fr/tools/comparateur-salaires/","fr/tools/comparateur-salaires/index.html","many_inline_light_backgrounds","8 inline light backgrounds may need token coverage."
"/fr/tools/contraste-couleurs/","fr/tools/contraste-couleurs/index.html","no_dark_mode_loader_signal","No dark-mode loader or theme signal found in page source."
"/gabon/ga-vat","gabon/ga-vat.html","many_inline_dark_text_colors","7 inline dark text colors may clash in dark mode."
"/gambia/gm-vat","gambia/gm-vat.html","many_inline_dark_text_colors","7 inline dark text colors may clash in dark mode."
"/guinea-bissau/gw-vat","guinea-bissau/gw-vat.html","many_inline_dark_text_colors","7 inline dark text colors may clash in dark mode."
"/guinea/gn-vat","guinea/gn-vat.html","many_inline_dark_text_colors","7 inline dark text colors may clash in dark mode."
"/ha/kayan-aiki/hada-da-raba-pdf/","ha/kayan-aiki/hada-da-raba-pdf/index.html","many_inline_dark_text_colors","7 inline dark text colors may clash in dark mode."
"/ha/kayan-aiki/matsa-pdf/","ha/kayan-aiki/matsa-pdf/index.html","many_inline_dark_text_colors","7 inline dark text colors may clash in dark mode."
"/ha/kayan-aiki/naira-zuwa-kalmomi/","ha/kayan-aiki/naira-zuwa-kalmomi/index.html","many_inline_light_backgrounds","14 inline light backgrounds may need token coverage."
"/jamb/cbt/","jamb/cbt/index.html","many_inline_light_backgrounds","7 inline light backgrounds may need token coverage."
"/jamb/cbt/","jamb/cbt/index.html","many_inline_dark_text_colors","6 inline dark text colors may clash in dark mode."
"/lesotho/ls-vat","lesotho/ls-vat.html","many_inline_dark_text_colors","7 inline dark text colors may clash in dark mode."
"/liberia/lr-vat","liberia/lr-vat.html","many_inline_dark_text_colors","7 inline dark text colors may clash in dark mode."
"/libya/ly-vat","libya/ly-vat.html","many_inline_dark_text_colors","7 inline dark text colors may clash in dark mode."
"/madagascar/mg-vat","madagascar/mg-vat.html","many_inline_dark_text_colors","7 inline dark text colors may clash in dark mode."
"/malawi/mw-vat","malawi/mw-vat.html","many_inline_dark_text_colors","7 inline dark text colors may clash in dark mode."
"/mali/ml-vat","mali/ml-vat.html","many_inline_dark_text_colors","7 inline dark text colors may clash in dark mode."
"/mauritania/mr-vat","mauritania/mr-vat.html","many_inline_dark_text_colors","7 inline dark text colors may clash in dark mode."
"/mauritius/mu-vat","mauritius/mu-vat.html","many_inline_dark_text_colors","7 inline dark text colors may clash in dark mode."
"/morocco/ma-vat","morocco/ma-vat.html","many_inline_dark_text_colors","7 inline dark text colors may clash in dark mode."
"/mozambique/mz-vat","mozambique/mz-vat.html","many_inline_dark_text_colors","7 inline dark text colors may clash in dark mode."
"/namibia/na-vat","namibia/na-vat.html","many_inline_dark_text_colors","7 inline dark text colors may clash in dark mode."
"/niger/ne-vat","niger/ne-vat.html","many_inline_dark_text_colors","7 inline dark text colors may clash in dark mode."
"/sao-tome/st-vat","sao-tome/st-vat.html","many_inline_dark_text_colors","7 inline dark text colors may clash in dark mode."
"/senegal/sn-vat","senegal/sn-vat.html","many_inline_dark_text_colors","7 inline dark text colors may clash in dark mode."
"/seychelles/sc-vat","seychelles/sc-vat.html","many_inline_dark_text_colors","7 inline dark text colors may clash in dark mode."
"/sierra-leone/sl-vat","sierra-leone/sl-vat.html","many_inline_dark_text_colors","7 inline dark text colors may clash in dark mode."
"/small-business/","small-business/index.html","many_inline_dark_text_colors","6 inline dark text colors may clash in dark mode."
"/somalia/so-vat","somalia/so-vat.html","many_inline_dark_text_colors","7 inline dark text colors may clash in dark mode."
"/south-sudan/ss-vat","south-sudan/ss-vat.html","many_inline_dark_text_colors","7 inline dark text colors may clash in dark mode."
"/sudan/sd-vat","sudan/sd-vat.html","many_inline_dark_text_colors","7 inline dark text colors may clash in dark mode."
"/suggest-tool/","suggest-tool/index.html","many_inline_dark_text_colors","7 inline dark text colors may clash in dark mode."
"/sw/","sw/index.html","many_inline_light_backgrounds","335 inline light backgrounds may need token coverage."
"/sw/","sw/index.html","many_inline_dark_text_colors","294 inline dark text colors may clash in dark mode."
"/sw/afya/","sw/afya/index.html","many_inline_light_backgrounds","18 inline light backgrounds may need token coverage."
"/sw/afya/","sw/afya/index.html","many_inline_dark_text_colors","10 inline dark text colors may clash in dark mode."
"/sw/algeria/","sw/algeria/index.html","many_inline_light_backgrounds","7 inline light backgrounds may need token coverage."
"/sw/algeria/","sw/algeria/index.html","many_inline_dark_text_colors","6 inline dark text colors may clash in dark mode."
"/sw/angola/","sw/angola/index.html","many_inline_light_backgrounds","13 inline light backgrounds may need token coverage."
"/sw/angola/","sw/angola/index.html","many_inline_dark_text_colors","12 inline dark text colors may clash in dark mode."
"/sw/benin/","sw/benin/index.html","many_inline_light_backgrounds","7 inline light backgrounds may need token coverage."
"/sw/benin/","sw/benin/index.html","many_inline_dark_text_colors","6 inline dark text colors may clash in dark mode."
"/sw/biashara-na-uzingatiaji/","sw/biashara-na-uzingatiaji/index.html","many_inline_light_backgrounds","172 inline light backgrounds may need token coverage."
"/sw/biashara-na-uzingatiaji/","sw/biashara-na-uzingatiaji/index.html","many_inline_dark_text_colors","143 inline dark text colors may clash in dark mode."
"/sw/biashara-ndogo/","sw/biashara-ndogo/index.html","many_inline_light_backgrounds","37 inline light backgrounds may need token coverage."
"/sw/biashara-ndogo/","sw/biashara-ndogo/index.html","many_inline_dark_text_colors","8 inline dark text colors may clash in dark mode."
"/sw/biashara-ya-nje/","sw/biashara-ya-nje/index.html","many_inline_light_backgrounds","27 inline light backgrounds may need token coverage."
"/sw/biashara-ya-nje/","sw/biashara-ya-nje/index.html","many_inline_dark_text_colors","27 inline dark text colors may clash in dark mode."
"/sw/bima/","sw/bima/index.html","many_inline_light_backgrounds","48 inline light backgrounds may need token coverage."
"/sw/bima/","sw/bima/index.html","many_inline_dark_text_colors","40 inline dark text colors may clash in dark mode."
"/sw/botswana/","sw/botswana/index.html","many_inline_light_backgrounds","34 inline light backgrounds may need token coverage."
"/sw/botswana/","sw/botswana/index.html","many_inline_dark_text_colors","25 inline dark text colors may clash in dark mode."
"/sw/burkina-faso/","sw/burkina-faso/index.html","many_inline_light_backgrounds","7 inline light backgrounds may need token coverage."
"/sw/burkina-faso/","sw/burkina-faso/index.html","many_inline_dark_text_colors","6 inline dark text colors may clash in dark mode."
"/sw/burundi/","sw/burundi/index.html","many_inline_light_backgrounds","7 inline light backgrounds may need token coverage."
"/sw/burundi/","sw/burundi/index.html","many_inline_dark_text_colors","6 inline dark text colors may clash in dark mode."
"/sw/cameroon/","sw/cameroon/index.html","many_inline_light_backgrounds","53 inline light backgrounds may need token coverage."
"/sw/cameroon/","sw/cameroon/index.html","many_inline_dark_text_colors","35 inline dark text colors may clash in dark mode."
"/sw/cape-verde/","sw/cape-verde/index.html","many_inline_light_backgrounds","7 inline light backgrounds may need token coverage."
"/sw/cape-verde/","sw/cape-verde/index.html","many_inline_dark_text_colors","6 inline dark text colors may clash in dark mode."
"/sw/chad/","sw/chad/index.html","many_inline_light_backgrounds","7 inline light backgrounds may need token coverage."
"/sw/chad/","sw/chad/index.html","many_inline_dark_text_colors","6 inline dark text colors may clash in dark mode."
"/sw/comoros/","sw/comoros/index.html","many_inline_light_backgrounds","7 inline light backgrounds may need token coverage."
"/sw/comoros/","sw/comoros/index.html","many_inline_dark_text_colors","6 inline dark text colors may clash in dark mode."
"/sw/comoros/kikokotoo-kodi-mshahara/","sw/comoros/kikokotoo-kodi-mshahara/index.html","many_inline_dark_text_colors","8 inline dark text colors may clash in dark mode."
"/sw/congo/","sw/congo/index.html","many_inline_light_backgrounds","7 inline light backgrounds may need token coverage."
"/sw/congo/","sw/congo/index.html","many_inline_dark_text_colors","6 inline dark text colors may clash in dark mode."
"/sw/cote-divoire/","sw/cote-divoire/index.html","many_inline_light_backgrounds","53 inline light backgrounds may need token coverage."
"/sw/cote-divoire/","sw/cote-divoire/index.html","many_inline_dark_text_colors","35 inline dark text colors may clash in dark mode."
"/sw/data-na-tija/","sw/data-na-tija/index.html","many_inline_light_backgrounds","34 inline light backgrounds may need token coverage."
"/sw/data-na-tija/","sw/data-na-tija/index.html","many_inline_dark_text_colors","6 inline dark text colors may clash in dark mode."
"/sw/dini-na-utamaduni/","sw/dini-na-utamaduni/index.html","many_inline_light_backgrounds","7 inline light backgrounds may need token coverage."
"/sw/djibouti/","sw/djibouti/index.html","many_inline_light_backgrounds","19 inline light backgrounds may need token coverage."
"/sw/djibouti/","sw/djibouti/index.html","many_inline_dark_text_colors","18 inline dark text colors may clash in dark mode."
"/sw/djibouti/kikokotoo-kodi-mshahara/","sw/djibouti/kikokotoo-kodi-mshahara/index.html","many_inline_dark_text_colors","6 inline dark text colors may clash in dark mode."
"/sw/dr-congo/","sw/dr-congo/index.html","many_inline_light_backgrounds","7 inline light backgrounds may need token coverage."
"/sw/dr-congo/","sw/dr-congo/index.html","many_inline_dark_text_colors","6 inline dark text colors may clash in dark mode."
"/sw/egypt/","sw/egypt/index.html","many_inline_light_backgrounds","137 inline light backgrounds may need token coverage."
"/sw/egypt/","sw/egypt/index.html","many_inline_dark_text_colors","107 inline dark text colors may clash in dark mode."
"/sw/equatorial-guinea/","sw/equatorial-guinea/index.html","many_inline_light_backgrounds","7 inline light backgrounds may need token coverage."
"/sw/equatorial-guinea/","sw/equatorial-guinea/index.html","many_inline_dark_text_colors","6 inline dark text colors may clash in dark mode."
"/sw/eritrea/","sw/eritrea/index.html","many_inline_light_backgrounds","7 inline light backgrounds may need token coverage."
"/sw/eritrea/","sw/eritrea/index.html","many_inline_dark_text_colors","6 inline dark text colors may clash in dark mode."
"/sw/eritrea/kikokotoo-kodi-mshahara/","sw/eritrea/kikokotoo-kodi-mshahara/index.html","many_inline_dark_text_colors","7 inline dark text colors may clash in dark mode."
"/sw/eswatini/","sw/eswatini/index.html","many_inline_light_backgrounds","7 inline light backgrounds may need token coverage."
"/sw/eswatini/","sw/eswatini/index.html","many_inline_dark_text_colors","6 inline dark text colors may clash in dark mode."
"/sw/ethiopia/","sw/ethiopia/index.html","many_inline_light_backgrounds","52 inline light backgrounds may need token coverage."
"/sw/ethiopia/","sw/ethiopia/index.html","many_inline_dark_text_colors","45 inline dark text colors may clash in dark mode."
"/sw/fintech/","sw/fintech/index.html","many_inline_light_backgrounds","117 inline light backgrounds may need token coverage."
"/sw/fintech/","sw/fintech/index.html","many_inline_dark_text_colors","103 inline dark text colors may clash in dark mode."
"/sw/gabon/","sw/gabon/index.html","many_inline_light_backgrounds","7 inline light backgrounds may need token coverage."
"/sw/gabon/","sw/gabon/index.html","many_inline_dark_text_colors","6 inline dark text colors may clash in dark mode."
"/sw/gambia/","sw/gambia/index.html","many_inline_light_backgrounds","7 inline light backgrounds may need token coverage."
"/sw/gambia/","sw/gambia/index.html","many_inline_dark_text_colors","6 inline dark text colors may clash in dark mode."
"/sw/ghana/","sw/ghana/index.html","many_inline_light_backgrounds","143 inline light backgrounds may need token coverage."
"/sw/ghana/","sw/ghana/index.html","many_inline_dark_text_colors","108 inline dark text colors may clash in dark mode."
"/sw/ghana/kikokotoo-kodi-mshahara/","sw/ghana/kikokotoo-kodi-mshahara/index.html","many_inline_dark_text_colors","6 inline dark text colors may clash in dark mode."
"/sw/guinea-bissau/","sw/guinea-bissau/index.html","many_inline_light_backgrounds","7 inline light backgrounds may need token coverage."
"/sw/guinea-bissau/","sw/guinea-bissau/index.html","many_inline_dark_text_colors","6 inline dark text colors may clash in dark mode."
"/sw/guinea/","sw/guinea/index.html","many_inline_light_backgrounds","7 inline light backgrounds may need token coverage."
"/sw/guinea/","sw/guinea/index.html","many_inline_dark_text_colors","6 inline dark text colors may clash in dark mode."
"/sw/hati-na-pdf/","sw/hati-na-pdf/index.html","many_inline_light_backgrounds","19 inline light backgrounds may need token coverage."
"/sw/kazi-na-ajira/","sw/kazi-na-ajira/index.html","many_inline_light_backgrounds","26 inline light backgrounds may need token coverage."
"/sw/kazi-na-ajira/","sw/kazi-na-ajira/index.html","many_inline_dark_text_colors","20 inline dark text colors may clash in dark mode."
"/sw/kenya/","sw/kenya/index.html","many_inline_light_backgrounds","143 inline light backgrounds may need token coverage."
"/sw/kenya/","sw/kenya/index.html","many_inline_dark_text_colors","108 inline dark text colors may clash in dark mode."
"/sw/kilimo/","sw/kilimo/index.html","many_inline_light_backgrounds","17 inline light backgrounds may need token coverage."
"/sw/kilimo/","sw/kilimo/index.html","many_inline_dark_text_colors","17 inline dark text colors may clash in dark mode."
"/sw/lesotho/","sw/lesotho/index.html","many_inline_light_backgrounds","7 inline light backgrounds may need token coverage."
"/sw/lesotho/","sw/lesotho/index.html","many_inline_dark_text_colors","6 inline dark text colors may clash in dark mode."
"/sw/liberia/","sw/liberia/index.html","many_inline_light_backgrounds","7 inline light backgrounds may need token coverage."
"/sw/liberia/","sw/liberia/index.html","many_inline_dark_text_colors","6 inline dark text colors may clash in dark mode."
"/sw/libya/","sw/libya/index.html","many_inline_light_backgrounds","7 inline light backgrounds may need token coverage."
"/sw/libya/","sw/libya/index.html","many_inline_dark_text_colors","6 inline dark text colors may clash in dark mode."
"/sw/madagascar/","sw/madagascar/index.html","many_inline_light_backgrounds","7 inline light backgrounds may need token coverage."
"/sw/madagascar/","sw/madagascar/index.html","many_inline_dark_text_colors","6 inline dark text colors may clash in dark mode."
"/sw/malawi/","sw/malawi/index.html","many_inline_light_backgrounds","18 inline light backgrounds may need token coverage."
"/sw/malawi/","sw/malawi/index.html","many_inline_dark_text_colors","17 inline dark text colors may clash in dark mode."
"/sw/malawi/kikokotoo-kodi-mshahara/","sw/malawi/kikokotoo-kodi-mshahara/index.html","many_inline_dark_text_colors","7 inline dark text colors may clash in dark mode."
"/sw/mali/","sw/mali/index.html","many_inline_light_backgrounds","7 inline light backgrounds may need token coverage."
"/sw/mali/","sw/mali/index.html","many_inline_dark_text_colors","6 inline dark text colors may clash in dark mode."
"/sw/mauritania/","sw/mauritania/index.html","many_inline_light_backgrounds","7 inline light backgrounds may need token coverage."
"/sw/mauritania/","sw/mauritania/index.html","many_inline_dark_text_colors","6 inline dark text colors may clash in dark mode."
"/sw/mauritius/","sw/mauritius/index.html","many_inline_light_backgrounds","12 inline light backgrounds may need token coverage."
"/sw/mauritius/","sw/mauritius/index.html","many_inline_dark_text_colors","11 inline dark text colors may clash in dark mode."
"/sw/morocco/","sw/morocco/index.html","many_inline_light_backgrounds","108 inline light backgrounds may need token coverage."
"/sw/morocco/","sw/morocco/index.html","many_inline_dark_text_colors","78 inline dark text colors may clash in dark mode."
"/sw/mozambique/","sw/mozambique/index.html","many_inline_light_backgrounds","24 inline light backgrounds may need token coverage."
"/sw/mozambique/","sw/mozambique/index.html","many_inline_dark_text_colors","23 inline dark text colors may clash in dark mode."
"/sw/mshahara-na-kodi/","sw/mshahara-na-kodi/index.html","many_inline_light_backgrounds","105 inline light backgrounds may need token coverage."
"/sw/mshahara-na-kodi/","sw/mshahara-na-kodi/index.html","many_inline_dark_text_colors","197 inline dark text colors may clash in dark mode."
"/sw/namibia/","sw/namibia/index.html","many_inline_light_backgrounds","18 inline light backgrounds may need token coverage."
"/sw/namibia/","sw/namibia/index.html","many_inline_dark_text_colors","17 inline dark text colors may clash in dark mode."
"/sw/nchi/","sw/nchi/index.html","many_inline_light_backgrounds","186 inline light backgrounds may need token coverage."
"/sw/nchi/","sw/nchi/index.html","many_inline_dark_text_colors","150 inline dark text colors may clash in dark mode."
"/sw/niger/","sw/niger/index.html","many_inline_light_backgrounds","7 inline light backgrounds may need token coverage."
"/sw/niger/","sw/niger/index.html","many_inline_dark_text_colors","6 inline dark text colors may clash in dark mode."
"/sw/nigeria/","sw/nigeria/index.html","many_inline_light_backgrounds","143 inline light backgrounds may need token coverage."
"/sw/nigeria/","sw/nigeria/index.html","many_inline_dark_text_colors","108 inline dark text colors may clash in dark mode."
"/sw/nyumba-na-ardhi/","sw/nyumba-na-ardhi/index.html","many_inline_light_backgrounds","41 inline light backgrounds may need token coverage."
"/sw/nyumba-na-ardhi/","sw/nyumba-na-ardhi/index.html","many_inline_dark_text_colors","33 inline dark text colors may clash in dark mode."
"/sw/picha-na-design/","sw/picha-na-design/index.html","many_inline_light_backgrounds","11 inline light backgrounds may need token coverage."
"/sw/rwanda/","sw/rwanda/index.html","many_inline_light_backgrounds","137 inline light backgrounds may need token coverage."
"/sw/rwanda/","sw/rwanda/index.html","many_inline_dark_text_colors","107 inline dark text colors may clash in dark mode."
"/sw/sao-tome/","sw/sao-tome/index.html","many_inline_light_backgrounds","7 inline light backgrounds may need token coverage."
"/sw/sao-tome/","sw/sao-tome/index.html","many_inline_dark_text_colors","6 inline dark text colors may clash in dark mode."
"/sw/senegal/","sw/senegal/index.html","many_inline_light_backgrounds","66 inline light backgrounds may need token coverage."
"/sw/senegal/","sw/senegal/index.html","many_inline_dark_text_colors","39 inline dark text colors may clash in dark mode."
"/sw/serikali-na-nyaraka/","sw/serikali-na-nyaraka/index.html","many_inline_light_backgrounds","54 inline light backgrounds may need token coverage."
"/sw/serikali-na-nyaraka/","sw/serikali-na-nyaraka/index.html","many_inline_dark_text_colors","35 inline dark text colors may clash in dark mode."
"/sw/seychelles/","sw/seychelles/index.html","many_inline_light_backgrounds","7 inline light backgrounds may need token coverage."
"/sw/seychelles/","sw/seychelles/index.html","many_inline_dark_text_colors","6 inline dark text colors may clash in dark mode."
"/sw/sierra-leone/","sw/sierra-leone/index.html","many_inline_light_backgrounds","7 inline light backgrounds may need token coverage."
"/sw/sierra-leone/","sw/sierra-leone/index.html","many_inline_dark_text_colors","6 inline dark text colors may clash in dark mode."
"/sw/somalia/","sw/somalia/index.html","many_inline_light_backgrounds","7 inline light backgrounds may need token coverage."
"/sw/somalia/","sw/somalia/index.html","many_inline_dark_text_colors","6 inline dark text colors may clash in dark mode."
"/sw/south-africa/","sw/south-africa/index.html","many_inline_light_backgrounds","143 inline light backgrounds may need token coverage."
"/sw/south-africa/","sw/south-africa/index.html","many_inline_dark_text_colors","108 inline dark text colors may clash in dark mode."
"/sw/south-sudan/","sw/south-sudan/index.html","many_inline_light_backgrounds","7 inline light backgrounds may need token coverage."
"/sw/south-sudan/","sw/south-sudan/index.html","many_inline_dark_text_colors","6 inline dark text colors may clash in dark mode."
"/sw/sudan/","sw/sudan/index.html","many_inline_light_backgrounds","7 inline light backgrounds may need token coverage."
"/sw/sudan/","sw/sudan/index.html","many_inline_dark_text_colors","6 inline dark text colors may clash in dark mode."
"/sw/tanzania/","sw/tanzania/index.html","many_inline_light_backgrounds","143 inline light backgrounds may need token coverage."
"/sw/tanzania/","sw/tanzania/index.html","many_inline_dark_text_colors","108 inline dark text colors may clash in dark mode."
"/sw/togo/","sw/togo/index.html","many_inline_light_backgrounds","7 inline light backgrounds may need token coverage."
"/sw/togo/","sw/togo/index.html","many_inline_dark_text_colors","6 inline dark text colors may clash in dark mode."
"/sw/tools/","sw/tools/index.html","many_inline_light_backgrounds","306 inline light backgrounds may need token coverage."
"/sw/tools/","sw/tools/index.html","many_inline_dark_text_colors","270 inline dark text colors may clash in dark mode."
"/sw/tunisia/","sw/tunisia/index.html","many_inline_light_backgrounds","7 inline light backgrounds may need token coverage."
"/sw/tunisia/","sw/tunisia/index.html","many_inline_dark_text_colors","6 inline dark text colors may clash in dark mode."
"/sw/ubunifu-na-watayarishi/","sw/ubunifu-na-watayarishi/index.html","many_inline_light_backgrounds","18 inline light backgrounds may need token coverage."
"/sw/uganda/","sw/uganda/index.html","many_inline_light_backgrounds","131 inline light backgrounds may need token coverage."
"/sw/uganda/","sw/uganda/index.html","many_inline_dark_text_colors","96 inline dark text colors may clash in dark mode."
"/sw/usafiri-na-magari/","sw/usafiri-na-magari/index.html","many_inline_light_backgrounds","16 inline light backgrounds may need token coverage."
"/sw/usafiri-na-magari/","sw/usafiri-na-magari/index.html","many_inline_dark_text_colors","10 inline dark text colors may clash in dark mode."
"/sw/vat-na-kodi/","sw/vat-na-kodi/index.html","many_inline_light_backgrounds","68 inline light backgrounds may need token coverage."
"/sw/vat-na-kodi/","sw/vat-na-kodi/index.html","many_inline_dark_text_colors","68 inline dark text colors may clash in dark mode."
"/sw/zambia/","sw/zambia/index.html","many_inline_light_backgrounds","86 inline light backgrounds may need token coverage."
"/sw/zambia/","sw/zambia/index.html","many_inline_dark_text_colors","71 inline dark text colors may clash in dark mode."
"/sw/zambia/kikokotoo-kodi-mshahara/","sw/zambia/kikokotoo-kodi-mshahara/index.html","many_inline_dark_text_colors","9 inline dark text colors may clash in dark mode."
"/sw/zana-za-developer/","sw/zana-za-developer/index.html","many_inline_light_backgrounds","26 inline light backgrounds may need token coverage."
"/sw/zana-za-developer/","sw/zana-za-developer/index.html","many_inline_dark_text_colors","6 inline dark text colors may clash in dark mode."
"/sw/zana-zote/","sw/zana-zote/index.html","many_inline_light_backgrounds","306 inline light backgrounds may need token coverage."
"/sw/zana-zote/","sw/zana-zote/index.html","many_inline_dark_text_colors","270 inline dark text colors may clash in dark mode."
"/sw/zana/barua-ombi/","sw/zana/barua-ombi/index.html","many_inline_light_backgrounds","13 inline light backgrounds may need token coverage."
"/sw/zana/barua-ombi/","sw/zana/barua-ombi/index.html","many_inline_dark_text_colors","9 inline dark text colors may clash in dark mode."
"/sw/zana/hariri-pdf/","sw/zana/hariri-pdf/index.html","many_inline_light_backgrounds","20 inline light backgrounds may need token coverage."
"/sw/zana/hariri-pdf/","sw/zana/hariri-pdf/index.html","many_inline_dark_text_colors","17 inline dark text colors may clash in dark mode."
"/sw/zana/kichwa-na-kijachini-pdf/","sw/zana/kichwa-na-kijachini-pdf/index.html","many_inline_light_backgrounds","6 inline light backgrounds may need token coverage."
"/sw/zana/kikokotoo-gpa/","sw/zana/kikokotoo-gpa/index.html","many_inline_light_backgrounds","7 inline light backgrounds may need token coverage."
"/sw/zana/kikokotoo-gpa/","sw/zana/kikokotoo-gpa/index.html","many_inline_dark_text_colors","7 inline dark text colors may clash in dark mode."
"/sw/zana/kikokotoo-ielts/","sw/zana/kikokotoo-ielts/index.html","many_inline_light_backgrounds","7 inline light backgrounds may need token coverage."
"/sw/zana/kikokotoo-ielts/","sw/zana/kikokotoo-ielts/index.html","many_inline_dark_text_colors","7 inline dark text colors may clash in dark mode."
"/sw/zana/kilinganisha-maandishi/","sw/zana/kilinganisha-maandishi/index.html","many_inline_dark_text_colors","7 inline dark text colors may clash in dark mode."
"/sw/zana/kubadilisha-format-pdf/","sw/zana/kubadilisha-format-pdf/index.html","many_inline_light_backgrounds","6 inline light backgrounds may need token coverage."
"/sw/zana/kubadilisha-pdf-na-picha/","sw/zana/kubadilisha-pdf-na-picha/index.html","many_inline_light_backgrounds","7 inline light backgrounds may need token coverage."
"/sw/zana/kubadilisha-vipimo/","sw/zana/kubadilisha-vipimo/index.html","many_inline_light_backgrounds","6 inline light backgrounds may need token coverage."
"/sw/zana/kubadilisha-vipimo/","sw/zana/kubadilisha-vipimo/index.html","many_inline_dark_text_colors","8 inline dark text colors may clash in dark mode."
"/sw/zana/kubana-pdf/","sw/zana/kubana-pdf/index.html","many_inline_light_backgrounds","11 inline light backgrounds may need token coverage."
"/sw/zana/kubana-pdf/","sw/zana/kubana-pdf/index.html","many_inline_dark_text_colors","8 inline dark text colors may clash in dark mode."
"/sw/zana/kuficha-taarifa-pdf/","sw/zana/kuficha-taarifa-pdf/index.html","many_inline_light_backgrounds","6 inline light backgrounds may need token coverage."
"/sw/zana/kujaza-fomu-pdf/","sw/zana/kujaza-fomu-pdf/index.html","many_inline_light_backgrounds","6 inline light backgrounds may need token coverage."
"/sw/zana/kulinda-pdf-kwa-nenosiri/","sw/zana/kulinda-pdf-kwa-nenosiri/index.html","many_inline_light_backgrounds","6 inline light backgrounds may need token coverage."
"/sw/zana/kupanga-kurasa-pdf/","sw/zana/kupanga-kurasa-pdf/index.html","many_inline_light_backgrounds","13 inline light backgrounds may need token coverage."
"/sw/zana/kupanga-kurasa-pdf/","sw/zana/kupanga-kurasa-pdf/index.html","many_inline_dark_text_colors","10 inline dark text colors may clash in dark mode."
"/sw/zana/kusaini-pdf/","sw/zana/kusaini-pdf/index.html","many_inline_light_backgrounds","11 inline light backgrounds may need token coverage."
"/sw/zana/kusaini-pdf/","sw/zana/kusaini-pdf/index.html","many_inline_dark_text_colors","8 inline dark text colors may clash in dark mode."
"/sw/zana/mjenzi-cv/","sw/zana/mjenzi-cv/index.html","many_inline_light_backgrounds","9 inline light backgrounds may need token coverage."
"/sw/zana/mjenzi-cv/","sw/zana/mjenzi-cv/index.html","many_inline_dark_text_colors","9 inline dark text colors may clash in dark mode."
"/sw/zana/mpango-masomo/","sw/zana/mpango-masomo/index.html","many_inline_light_backgrounds","7 inline light backgrounds may need token coverage."
"/sw/zana/mpango-masomo/","sw/zana/mpango-masomo/index.html","many_inline_dark_text_colors","7 inline dark text colors may clash in dark mode."
"/sw/zana/nafasi-pdf/","sw/zana/nafasi-pdf/index.html","many_inline_light_backgrounds","11 inline light backgrounds may need token coverage."
"/sw/zana/nafasi-pdf/","sw/zana/nafasi-pdf/index.html","many_inline_dark_text_colors","11 inline dark text colors may clash in dark mode."
"/sw/zana/namba-za-kurasa-pdf/","sw/zana/namba-za-kurasa-pdf/index.html","many_inline_light_backgrounds","6 inline light backgrounds may need token coverage."
"/sw/zana/ocr-pdf/","sw/zana/ocr-pdf/index.html","many_inline_light_backgrounds","6 inline light backgrounds may need token coverage."
"/sw/zana/udhamini/","sw/zana/udhamini/index.html","many_inline_light_backgrounds","7 inline light backgrounds may need token coverage."
"/sw/zana/udhamini/","sw/zana/udhamini/index.html","many_inline_dark_text_colors","7 inline dark text colors may clash in dark mode."
"/sw/zana/unganisha-na-gawanya-pdf/","sw/zana/unganisha-na-gawanya-pdf/index.html","many_inline_light_backgrounds","11 inline light backgrounds may need token coverage."
"/sw/zana/unganisha-na-gawanya-pdf/","sw/zana/unganisha-na-gawanya-pdf/index.html","many_inline_dark_text_colors","8 inline dark text colors may clash in dark mode."
"/sw/zana/watermark-pdf/","sw/zana/watermark-pdf/index.html","many_inline_light_backgrounds","6 inline light backgrounds may need token coverage."
"/sw/zimbabwe/","sw/zimbabwe/index.html","many_inline_light_backgrounds","55 inline light backgrounds may need token coverage."
"/sw/zimbabwe/","sw/zimbabwe/index.html","many_inline_dark_text_colors","46 inline dark text colors may clash in dark mode."
"/sw/zimbabwe/kikokotoo-kodi-mshahara/","sw/zimbabwe/kikokotoo-kodi-mshahara/index.html","many_inline_dark_text_colors","6 inline dark text colors may clash in dark mode."
"/togo/tg-vat","togo/tg-vat.html","many_inline_dark_text_colors","7 inline dark text colors may clash in dark mode."
"/tools/afroatlas/_country-template","tools/afroatlas/_country-template.html","many_inline_light_backgrounds","6 inline light backgrounds may need token coverage."
"/tools/afroatlas/country/algeria/","tools/afroatlas/country/algeria/index.html","many_inline_light_backgrounds","6 inline light backgrounds may need token coverage."
"/tools/afroatlas/country/angola/","tools/afroatlas/country/angola/index.html","many_inline_light_backgrounds","6 inline light backgrounds may need token coverage."
"/tools/afroatlas/country/benin/","tools/afroatlas/country/benin/index.html","many_inline_light_backgrounds","6 inline light backgrounds may need token coverage."
"/tools/afroatlas/country/botswana/","tools/afroatlas/country/botswana/index.html","many_inline_light_backgrounds","6 inline light backgrounds may need token coverage."
"/tools/afroatlas/country/burkina-faso/","tools/afroatlas/country/burkina-faso/index.html","many_inline_light_backgrounds","6 inline light backgrounds may need token coverage."
"/tools/afroatlas/country/burundi/","tools/afroatlas/country/burundi/index.html","many_inline_light_backgrounds","6 inline light backgrounds may need token coverage."
"/tools/afroatlas/country/cameroon/","tools/afroatlas/country/cameroon/index.html","many_inline_light_backgrounds","6 inline light backgrounds may need token coverage."
"/tools/afroatlas/country/cape-verde/","tools/afroatlas/country/cape-verde/index.html","many_inline_light_backgrounds","6 inline light backgrounds may need token coverage."
"/tools/afroatlas/country/car/","tools/afroatlas/country/car/index.html","many_inline_light_backgrounds","6 inline light backgrounds may need token coverage."
"/tools/afroatlas/country/chad/","tools/afroatlas/country/chad/index.html","many_inline_light_backgrounds","6 inline light backgrounds may need token coverage."
"/tools/afroatlas/country/comoros/","tools/afroatlas/country/comoros/index.html","many_inline_light_backgrounds","6 inline light backgrounds may need token coverage."
"/tools/afroatlas/country/congo/","tools/afroatlas/country/congo/index.html","many_inline_light_backgrounds","6 inline light backgrounds may need token coverage."
"/tools/afroatlas/country/cote-divoire/","tools/afroatlas/country/cote-divoire/index.html","many_inline_light_backgrounds","6 inline light backgrounds may need token coverage."
"/tools/afroatlas/country/djibouti/","tools/afroatlas/country/djibouti/index.html","many_inline_light_backgrounds","6 inline light backgrounds may need token coverage."
"/tools/afroatlas/country/dr-congo/","tools/afroatlas/country/dr-congo/index.html","many_inline_light_backgrounds","6 inline light backgrounds may need token coverage."
"/tools/afroatlas/country/egypt/","tools/afroatlas/country/egypt/index.html","many_inline_light_backgrounds","6 inline light backgrounds may need token coverage."
"/tools/afroatlas/country/equatorial-guinea/","tools/afroatlas/country/equatorial-guinea/index.html","many_inline_light_backgrounds","6 inline light backgrounds may need token coverage."
"/tools/afroatlas/country/eritrea/","tools/afroatlas/country/eritrea/index.html","many_inline_light_backgrounds","6 inline light backgrounds may need token coverage."
"/tools/afroatlas/country/eswatini/","tools/afroatlas/country/eswatini/index.html","many_inline_light_backgrounds","6 inline light backgrounds may need token coverage."
"/tools/afroatlas/country/ethiopia/","tools/afroatlas/country/ethiopia/index.html","many_inline_light_backgrounds","6 inline light backgrounds may need token coverage."
"/tools/afroatlas/country/gabon/","tools/afroatlas/country/gabon/index.html","many_inline_light_backgrounds","6 inline light backgrounds may need token coverage."
"/tools/afroatlas/country/gambia/","tools/afroatlas/country/gambia/index.html","many_inline_light_backgrounds","6 inline light backgrounds may need token coverage."
"/tools/afroatlas/country/ghana/","tools/afroatlas/country/ghana/index.html","many_inline_light_backgrounds","6 inline light backgrounds may need token coverage."
"/tools/afroatlas/country/guinea-bissau/","tools/afroatlas/country/guinea-bissau/index.html","many_inline_light_backgrounds","6 inline light backgrounds may need token coverage."
"/tools/afroatlas/country/guinea/","tools/afroatlas/country/guinea/index.html","many_inline_light_backgrounds","6 inline light backgrounds may need token coverage."
"/tools/afroatlas/country/kenya/","tools/afroatlas/country/kenya/index.html","many_inline_light_backgrounds","6 inline light backgrounds may need token coverage."
"/tools/afroatlas/country/lesotho/","tools/afroatlas/country/lesotho/index.html","many_inline_light_backgrounds","6 inline light backgrounds may need token coverage."
"/tools/afroatlas/country/liberia/","tools/afroatlas/country/liberia/index.html","many_inline_light_backgrounds","6 inline light backgrounds may need token coverage."
"/tools/afroatlas/country/libya/","tools/afroatlas/country/libya/index.html","many_inline_light_backgrounds","6 inline light backgrounds may need token coverage."
"/tools/afroatlas/country/madagascar/","tools/afroatlas/country/madagascar/index.html","many_inline_light_backgrounds","6 inline light backgrounds may need token coverage."
"/tools/afroatlas/country/malawi/","tools/afroatlas/country/malawi/index.html","many_inline_light_backgrounds","6 inline light backgrounds may need token coverage."
"/tools/afroatlas/country/mali/","tools/afroatlas/country/mali/index.html","many_inline_light_backgrounds","6 inline light backgrounds may need token coverage."
"/tools/afroatlas/country/mauritania/","tools/afroatlas/country/mauritania/index.html","many_inline_light_backgrounds","6 inline light backgrounds may need token coverage."
"/tools/afroatlas/country/mauritius/","tools/afroatlas/country/mauritius/index.html","many_inline_light_backgrounds","6 inline light backgrounds may need token coverage."
"/tools/afroatlas/country/morocco/","tools/afroatlas/country/morocco/index.html","many_inline_light_backgrounds","6 inline light backgrounds may need token coverage."
"/tools/afroatlas/country/mozambique/","tools/afroatlas/country/mozambique/index.html","many_inline_light_backgrounds","6 inline light backgrounds may need token coverage."
"/tools/afroatlas/country/namibia/","tools/afroatlas/country/namibia/index.html","many_inline_light_backgrounds","6 inline light backgrounds may need token coverage."
"/tools/afroatlas/country/niger/","tools/afroatlas/country/niger/index.html","many_inline_light_backgrounds","6 inline light backgrounds may need token coverage."
"/tools/afroatlas/country/nigeria/","tools/afroatlas/country/nigeria/index.html","many_inline_light_backgrounds","6 inline light backgrounds may need token coverage."
"/tools/afroatlas/country/rwanda/","tools/afroatlas/country/rwanda/index.html","many_inline_light_backgrounds","6 inline light backgrounds may need token coverage."
"/tools/afroatlas/country/sao-tome/","tools/afroatlas/country/sao-tome/index.html","many_inline_light_backgrounds","6 inline light backgrounds may need token coverage."
"/tools/afroatlas/country/senegal/","tools/afroatlas/country/senegal/index.html","many_inline_light_backgrounds","6 inline light backgrounds may need token coverage."
"/tools/afroatlas/country/seychelles/","tools/afroatlas/country/seychelles/index.html","many_inline_light_backgrounds","6 inline light backgrounds may need token coverage."
"/tools/afroatlas/country/sierra-leone/","tools/afroatlas/country/sierra-leone/index.html","many_inline_light_backgrounds","6 inline light backgrounds may need token coverage."
"/tools/afroatlas/country/somalia/","tools/afroatlas/country/somalia/index.html","many_inline_light_backgrounds","6 inline light backgrounds may need token coverage."
"/tools/afroatlas/country/south-africa/","tools/afroatlas/country/south-africa/index.html","many_inline_light_backgrounds","6 inline light backgrounds may need token coverage."
"/tools/afroatlas/country/south-sudan/","tools/afroatlas/country/south-sudan/index.html","many_inline_light_backgrounds","6 inline light backgrounds may need token coverage."
"/tools/afroatlas/country/sudan/","tools/afroatlas/country/sudan/index.html","many_inline_light_backgrounds","6 inline light backgrounds may need token coverage."
"/tools/afroatlas/country/tanzania/","tools/afroatlas/country/tanzania/index.html","many_inline_light_backgrounds","6 inline light backgrounds may need token coverage."
"/tools/afroatlas/country/togo/","tools/afroatlas/country/togo/index.html","many_inline_light_backgrounds","6 inline light backgrounds may need token coverage."
"/tools/afroatlas/country/tunisia/","tools/afroatlas/country/tunisia/index.html","many_inline_light_backgrounds","6 inline light backgrounds may need token coverage."
"/tools/afroatlas/country/uganda/","tools/afroatlas/country/uganda/index.html","many_inline_light_backgrounds","6 inline light backgrounds may need token coverage."
"/tools/afroatlas/country/zambia/","tools/afroatlas/country/zambia/index.html","many_inline_light_backgrounds","6 inline light backgrounds may need token coverage."
"/tools/afroatlas/country/zimbabwe/","tools/afroatlas/country/zimbabwe/index.html","many_inline_light_backgrounds","6 inline light backgrounds may need token coverage."
"/tools/afrostream/university/benchmark/","tools/afrostream/university/benchmark/index.html","many_inline_dark_text_colors","6 inline dark text colors may clash in dark mode."
"/tools/afrostream/university/benchmark/methodology/","tools/afrostream/university/benchmark/methodology/index.html","many_inline_light_backgrounds","15 inline light backgrounds may need token coverage."
"/tools/afrostream/university/benchmark/methodology/","tools/afrostream/university/benchmark/methodology/index.html","many_inline_dark_text_colors","12 inline dark text colors may clash in dark mode."
"/tools/afrostream/university/intelligence/monetization-report/","tools/afrostream/university/intelligence/monetization-report/index.html","many_inline_light_backgrounds","6 inline light backgrounds may need token coverage."
"/tools/afrostream/university/intelligence/monetization-report/","tools/afrostream/university/intelligence/monetization-report/index.html","many_inline_dark_text_colors","6 inline dark text colors may clash in dark mode."
"/tools/afrostream/university/intelligence/systems-maturity/","tools/afrostream/university/intelligence/systems-maturity/index.html","many_inline_light_backgrounds","6 inline light backgrounds may need token coverage."
"/tools/afrostream/university/intelligence/systems-maturity/","tools/afrostream/university/intelligence/systems-maturity/index.html","many_inline_dark_text_colors","7 inline dark text colors may clash in dark mode."
"/tools/afrostream/university/premium/audit/","tools/afrostream/university/premium/audit/index.html","many_inline_light_backgrounds","14 inline light backgrounds may need token coverage."
"/tools/afrostream/university/premium/audit/","tools/afrostream/university/premium/audit/index.html","many_inline_dark_text_colors","14 inline dark text colors may clash in dark mode."
"/tools/afrostream/university/premium/bootcamp/","tools/afrostream/university/premium/bootcamp/index.html","many_inline_light_backgrounds","10 inline light backgrounds may need token coverage."
"/tools/afrostream/university/premium/bootcamp/","tools/afrostream/university/premium/bootcamp/index.html","many_inline_dark_text_colors","10 inline dark text colors may clash in dark mode."
"/tools/afrostream/university/premium/office-hours/","tools/afrostream/university/premium/office-hours/index.html","many_inline_light_backgrounds","10 inline light backgrounds may need token coverage."
"/tools/afrostream/university/premium/office-hours/","tools/afrostream/university/premium/office-hours/index.html","many_inline_dark_text_colors","13 inline dark text colors may clash in dark mode."
"/tools/afrostream/university/premium/templates/","tools/afrostream/university/premium/templates/index.html","many_inline_light_backgrounds","19 inline light backgrounds may need token coverage."
"/tools/break-even/","tools/break-even/index.html","many_inline_light_backgrounds","6 inline light backgrounds may need token coverage."
"/tools/break-even/","tools/break-even/index.html","many_inline_dark_text_colors","7 inline dark text colors may clash in dark mode."
"/tools/business-license/","tools/business-license/index.html","many_inline_light_backgrounds","16 inline light backgrounds may need token coverage."
"/tools/certificate-maker/","tools/certificate-maker/index.html","many_inline_light_backgrounds","9 inline light backgrounds may need token coverage."
"/tools/certificate-maker/","tools/certificate-maker/index.html","many_inline_dark_text_colors","8 inline dark text colors may clash in dark mode."
"/tools/colour-palette/","tools/colour-palette/index.html","many_inline_light_backgrounds","6 inline light backgrounds may need token coverage."
"/tools/dental-cost/","tools/dental-cost/index.html","many_inline_dark_text_colors","6 inline dark text colors may clash in dark mode."
"/tools/diff-checker/","tools/diff-checker/index.html","many_inline_dark_text_colors","7 inline dark text colors may clash in dark mode."
"/tools/electricity-bill-verify/","tools/electricity-bill-verify/index.html","no_dark_mode_loader_signal","No dark-mode loader or theme signal found in page source."
"/tools/faraid-inheritance/","tools/faraid-inheritance/index.html","no_dark_mode_loader_signal","No dark-mode loader or theme signal found in page source."
"/tools/favicon-generator/","tools/favicon-generator/index.html","many_inline_light_backgrounds","9 inline light backgrounds may need token coverage."
"/tools/favicon-generator/","tools/favicon-generator/index.html","many_inline_dark_text_colors","8 inline dark text colors may clash in dark mode."
"/tools/first-home-buyer/","tools/first-home-buyer/index.html","many_inline_dark_text_colors","8 inline dark text colors may clash in dark mode."
"/tools/image-compress/","tools/image-compress/index.html","many_inline_light_backgrounds","9 inline light backgrounds may need token coverage."
"/tools/image-crop/","tools/image-crop/index.html","many_inline_light_backgrounds","9 inline light backgrounds may need token coverage."
"/tools/image-crop/","tools/image-crop/index.html","many_inline_dark_text_colors","8 inline dark text colors may clash in dark mode."
"/tools/image-resize/","tools/image-resize/index.html","many_inline_light_backgrounds","9 inline light backgrounds may need token coverage."
"/tools/image-resize/","tools/image-resize/index.html","many_inline_dark_text_colors","8 inline dark text colors may clash in dark mode."
"/tools/logo-maker/","tools/logo-maker/index.html","many_inline_light_backgrounds","9 inline light backgrounds may need token coverage."
"/tools/logo-maker/","tools/logo-maker/index.html","many_inline_dark_text_colors","8 inline dark text colors may clash in dark mode."
"/tools/markup-calc/","tools/markup-calc/index.html","many_inline_dark_text_colors","7 inline dark text colors may clash in dark mode."
"/tools/mortgage-affordability/","tools/mortgage-affordability/index.html","many_inline_dark_text_colors","7 inline dark text colors may clash in dark mode."
"/tools/mortgage-calculator/","tools/mortgage-calculator/index.html","many_inline_light_backgrounds","9 inline light backgrounds may need token coverage."
"/tools/naira-to-words/","tools/naira-to-words/index.html","many_inline_light_backgrounds","14 inline light backgrounds may need token coverage."
"/tools/pdf-compress/","tools/pdf-compress/index.html","many_inline_dark_text_colors","7 inline dark text colors may clash in dark mode."
"/tools/pdf-editor/","tools/pdf-editor/index.html","many_inline_light_backgrounds","14 inline light backgrounds may need token coverage."
"/tools/pdf-editor/","tools/pdf-editor/index.html","many_inline_dark_text_colors","16 inline dark text colors may clash in dark mode."
"/tools/pdf-merge-split/","tools/pdf-merge-split/index.html","many_inline_dark_text_colors","7 inline dark text colors may clash in dark mode."
"/tools/pdf-reorder/","tools/pdf-reorder/index.html","many_inline_light_backgrounds","7 inline light backgrounds may need token coverage."
"/tools/pdf-reorder/","tools/pdf-reorder/index.html","many_inline_dark_text_colors","9 inline dark text colors may clash in dark mode."
"/tools/pdf-sign/","tools/pdf-sign/index.html","many_inline_dark_text_colors","7 inline dark text colors may clash in dark mode."
"/tools/pdf-workspace/","tools/pdf-workspace/index.html","many_inline_dark_text_colors","9 inline dark text colors may clash in dark mode."
"/tools/prepaid-meter/","tools/prepaid-meter/index.html","no_dark_mode_loader_signal","No dark-mode loader or theme signal found in page source."
"/tools/profit-margin/","tools/profit-margin/index.html","many_inline_dark_text_colors","7 inline dark text colors may clash in dark mode."
"/tools/property-roi/","tools/property-roi/index.html","many_inline_dark_text_colors","7 inline dark text colors may clash in dark mode."
"/tools/property-transfer-cost/","tools/property-transfer-cost/index.html","many_inline_dark_text_colors","7 inline dark text colors may clash in dark mode."
"/tools/qr-generator/","tools/qr-generator/index.html","many_inline_light_backgrounds","9 inline light backgrounds may need token coverage."
"/tools/rental-yield/","tools/rental-yield/index.html","many_inline_dark_text_colors","7 inline dark text colors may clash in dark mode."
"/tools/solar-vs-generator/","tools/solar-vs-generator/index.html","no_dark_mode_loader_signal","No dark-mode loader or theme signal found in page source."
"/tools/tin-guide/","tools/tin-guide/index.html","many_inline_light_backgrounds","54 inline light backgrounds may need token coverage."
"/tools/unit-converter/","tools/unit-converter/index.html","many_inline_light_backgrounds","6 inline light backgrounds may need token coverage."
"/tools/unit-converter/","tools/unit-converter/index.html","many_inline_dark_text_colors","8 inline dark text colors may clash in dark mode."
"/tools/visa-checker/","tools/visa-checker/index.html","many_inline_light_backgrounds","18 inline light backgrounds may need token coverage."
"/tools/water-bill/","tools/water-bill/index.html","no_dark_mode_loader_signal","No dark-mode loader or theme signal found in page source."
"/tools/zakat-calculator/","tools/zakat-calculator/index.html","no_dark_mode_loader_signal","No dark-mode loader or theme signal found in page source."
"/tunisia/tn-vat","tunisia/tn-vat.html","many_inline_dark_text_colors","7 inline dark text colors may clash in dark mode."
"/widgets/iframe/agriculture-crop-insurance-premium","widgets/iframe/agriculture-crop-insurance-premium.html","no_dark_mode_loader_signal","No dark-mode loader or theme signal found in page source."
"/widgets/iframe/agriculture-crop-yield-estimator","widgets/iframe/agriculture-crop-yield-estimator.html","no_dark_mode_loader_signal","No dark-mode loader or theme signal found in page source."
"/widgets/iframe/agriculture-farm-budget-estimator","widgets/iframe/agriculture-farm-budget-estimator.html","no_dark_mode_loader_signal","No dark-mode loader or theme signal found in page source."
"/widgets/iframe/agriculture-fertilizer-rate","widgets/iframe/agriculture-fertilizer-rate.html","no_dark_mode_loader_signal","No dark-mode loader or theme signal found in page source."
"/widgets/iframe/agriculture-fish-farm-stocking","widgets/iframe/agriculture-fish-farm-stocking.html","no_dark_mode_loader_signal","No dark-mode loader or theme signal found in page source."
"/widgets/iframe/agriculture-greenhouse-area","widgets/iframe/agriculture-greenhouse-area.html","no_dark_mode_loader_signal","No dark-mode loader or theme signal found in page source."
"/widgets/iframe/agriculture-harvest-date-planner","widgets/iframe/agriculture-harvest-date-planner.html","no_dark_mode_loader_signal","No dark-mode loader or theme signal found in page source."
"/widgets/iframe/agriculture-input-price-checker","widgets/iframe/agriculture-input-price-checker.html","no_dark_mode_loader_signal","No dark-mode loader or theme signal found in page source."
"/widgets/iframe/agriculture-irrigation-volume","widgets/iframe/agriculture-irrigation-volume.html","no_dark_mode_loader_signal","No dark-mode loader or theme signal found in page source."
"/widgets/iframe/agriculture-livestock-feed-cost","widgets/iframe/agriculture-livestock-feed-cost.html","no_dark_mode_loader_signal","No dark-mode loader or theme signal found in page source."
"/widgets/iframe/agriculture-poultry-roi-estimator","widgets/iframe/agriculture-poultry-roi-estimator.html","no_dark_mode_loader_signal","No dark-mode loader or theme signal found in page source."
"/widgets/iframe/agriculture-seed-rate","widgets/iframe/agriculture-seed-rate.html","no_dark_mode_loader_signal","No dark-mode loader or theme signal found in page source."
"/widgets/iframe/agriculture-storage-loss-estimator","widgets/iframe/agriculture-storage-loss-estimator.html","no_dark_mode_loader_signal","No dark-mode loader or theme signal found in page source."
"/widgets/iframe/agriculture-tractor-hire-cost","widgets/iframe/agriculture-tractor-hire-cost.html","no_dark_mode_loader_signal","No dark-mode loader or theme signal found in page source."
"/widgets/iframe/business-break-even-lite","widgets/iframe/business-break-even-lite.html","no_dark_mode_loader_signal","No dark-mode loader or theme signal found in page source."
"/widgets/iframe/business-business-license-budget","widgets/iframe/business-business-license-budget.html","no_dark_mode_loader_signal","No dark-mode loader or theme signal found in page source."
"/widgets/iframe/business-cash-flow-runway","widgets/iframe/business-cash-flow-runway.html","no_dark_mode_loader_signal","No dark-mode loader or theme signal found in page source."
"/widgets/iframe/business-customer-ltv-widget","widgets/iframe/business-customer-ltv-widget.html","no_dark_mode_loader_signal","No dark-mode loader or theme signal found in page source."
"/widgets/iframe/business-freelancer-quote","widgets/iframe/business-freelancer-quote.html","no_dark_mode_loader_signal","No dark-mode loader or theme signal found in page source."
"/widgets/iframe/business-invoice-fee-widget","widgets/iframe/business-invoice-fee-widget.html","no_dark_mode_loader_signal","No dark-mode loader or theme signal found in page source."
"/widgets/iframe/business-markup-planner","widgets/iframe/business-markup-planner.html","no_dark_mode_loader_signal","No dark-mode loader or theme signal found in page source."
"/widgets/iframe/business-meeting-cost-widget","widgets/iframe/business-meeting-cost-widget.html","no_dark_mode_loader_signal","No dark-mode loader or theme signal found in page source."
"/widgets/iframe/business-startup-runway","widgets/iframe/business-startup-runway.html","no_dark_mode_loader_signal","No dark-mode loader or theme signal found in page source."
"/widgets/iframe/business-subscription-margin","widgets/iframe/business-subscription-margin.html","no_dark_mode_loader_signal","No dark-mode loader or theme signal found in page source."
"/widgets/iframe/education-boarding-school-cost","widgets/iframe/education-boarding-school-cost.html","no_dark_mode_loader_signal","No dark-mode loader or theme signal found in page source."
"/widgets/iframe/education-classroom-capacity","widgets/iframe/education-classroom-capacity.html","no_dark_mode_loader_signal","No dark-mode loader or theme signal found in page source."
"/widgets/iframe/education-exam-countdown-widget","widgets/iframe/education-exam-countdown-widget.html","no_dark_mode_loader_signal","No dark-mode loader or theme signal found in page source."
"/widgets/iframe/education-scholarship-gap","widgets/iframe/education-scholarship-gap.html","no_dark_mode_loader_signal","No dark-mode loader or theme signal found in page source."
"/widgets/iframe/education-school-fees-budget","widgets/iframe/education-school-fees-budget.html","no_dark_mode_loader_signal","No dark-mode loader or theme signal found in page source."
"/widgets/iframe/education-study-hours-planner","widgets/iframe/education-study-hours-planner.html","no_dark_mode_loader_signal","No dark-mode loader or theme signal found in page source."
"/widgets/iframe/energy-appliance-cost-widget","widgets/iframe/energy-appliance-cost-widget.html","no_dark_mode_loader_signal","No dark-mode loader or theme signal found in page source."
"/widgets/iframe/energy-battery-backup-time","widgets/iframe/energy-battery-backup-time.html","no_dark_mode_loader_signal","No dark-mode loader or theme signal found in page source."
"/widgets/iframe/energy-generator-runtime-cost","widgets/iframe/energy-generator-runtime-cost.html","no_dark_mode_loader_signal","No dark-mode loader or theme signal found in page source."
"/widgets/iframe/energy-solar-payback-widget","widgets/iframe/energy-solar-payback-widget.html","no_dark_mode_loader_signal","No dark-mode loader or theme signal found in page source."
"/widgets/iframe/energy-utility-arrears-plan","widgets/iframe/energy-utility-arrears-plan.html","no_dark_mode_loader_signal","No dark-mode loader or theme signal found in page source."
"/widgets/iframe/energy-water-bill-widget","widgets/iframe/energy-water-bill-widget.html","no_dark_mode_loader_signal","No dark-mode loader or theme signal found in page source."
"/widgets/iframe/health-clinic-visit-budget","widgets/iframe/health-clinic-visit-budget.html","no_dark_mode_loader_signal","No dark-mode loader or theme signal found in page source."
"/widgets/iframe/health-insurance-gap-health","widgets/iframe/health-insurance-gap-health.html","no_dark_mode_loader_signal","No dark-mode loader or theme signal found in page source."
"/widgets/iframe/health-maternal-care-budget","widgets/iframe/health-maternal-care-budget.html","no_dark_mode_loader_signal","No dark-mode loader or theme signal found in page source."
"/widgets/iframe/health-medicine-cost-planner","widgets/iframe/health-medicine-cost-planner.html","no_dark_mode_loader_signal","No dark-mode loader or theme signal found in page source."
"/widgets/iframe/insurance-car-insurance-lite","widgets/iframe/insurance-car-insurance-lite.html","no_dark_mode_loader_signal","No dark-mode loader or theme signal found in page source."
"/widgets/iframe/insurance-crop-cover-budget","widgets/iframe/insurance-crop-cover-budget.html","no_dark_mode_loader_signal","No dark-mode loader or theme signal found in page source."
"/widgets/iframe/insurance-health-cover-budget","widgets/iframe/insurance-health-cover-budget.html","no_dark_mode_loader_signal","No dark-mode loader or theme signal found in page source."
"/widgets/iframe/insurance-microinsurance-premium","widgets/iframe/insurance-microinsurance-premium.html","no_dark_mode_loader_signal","No dark-mode loader or theme signal found in page source."
"/widgets/iframe/jobs-contractor-vs-employee","widgets/iframe/jobs-contractor-vs-employee.html","no_dark_mode_loader_signal","No dark-mode loader or theme signal found in page source."
"/widgets/iframe/jobs-employer-cost-widget","widgets/iframe/jobs-employer-cost-widget.html","no_dark_mode_loader_signal","No dark-mode loader or theme signal found in page source."
"/widgets/iframe/jobs-freelance-rate-widget","widgets/iframe/jobs-freelance-rate-widget.html","no_dark_mode_loader_signal","No dark-mode loader or theme signal found in page source."
"/widgets/iframe/jobs-leave-days-widget","widgets/iframe/jobs-leave-days-widget.html","no_dark_mode_loader_signal","No dark-mode loader or theme signal found in page source."
"/widgets/iframe/jobs-salary-benchmark-budget","widgets/iframe/jobs-salary-benchmark-budget.html","no_dark_mode_loader_signal","No dark-mode loader or theme signal found in page source."
"/widgets/iframe/jobs-severance-estimator","widgets/iframe/jobs-severance-estimator.html","no_dark_mode_loader_signal","No dark-mode loader or theme signal found in page source."
"/widgets/iframe/legal-contract-deposit-widget","widgets/iframe/legal-contract-deposit-widget.html","no_dark_mode_loader_signal","No dark-mode loader or theme signal found in page source."
"/widgets/iframe/legal-court-fee-widget","widgets/iframe/legal-court-fee-widget.html","no_dark_mode_loader_signal","No dark-mode loader or theme signal found in page source."
"/widgets/iframe/legal-legal-aid-eligibility","widgets/iframe/legal-legal-aid-eligibility.html","no_dark_mode_loader_signal","No dark-mode loader or theme signal found in page source."
"/widgets/iframe/legal-notice-period-widget","widgets/iframe/legal-notice-period-widget.html","no_dark_mode_loader_signal","No dark-mode loader or theme signal found in page source."
"/widgets/iframe/property-land-size-converter","widgets/iframe/property-land-size-converter.html","no_dark_mode_loader_signal","No dark-mode loader or theme signal found in page source."
"/widgets/iframe/property-property-management-fee","widgets/iframe/property-property-management-fee.html","no_dark_mode_loader_signal","No dark-mode loader or theme signal found in page source."
"/widgets/iframe/property-property-roi-widget","widgets/iframe/property-property-roi-widget.html","no_dark_mode_loader_signal","No dark-mode loader or theme signal found in page source."
"/widgets/iframe/property-rent-affordability-widget","widgets/iframe/property-rent-affordability-widget.html","no_dark_mode_loader_signal","No dark-mode loader or theme signal found in page source."
"/widgets/iframe/property-rent-vs-buy-widget","widgets/iframe/property-rent-vs-buy-widget.html","no_dark_mode_loader_signal","No dark-mode loader or theme signal found in page source."
"/widgets/iframe/property-rental-yield-widget","widgets/iframe/property-rental-yield-widget.html","no_dark_mode_loader_signal","No dark-mode loader or theme signal found in page source."
"/widgets/iframe/property-tenancy-deposit-widget","widgets/iframe/property-tenancy-deposit-widget.html","no_dark_mode_loader_signal","No dark-mode loader or theme signal found in page source."
"/widgets/iframe/property-vacancy-loss-widget","widgets/iframe/property-vacancy-loss-widget.html","no_dark_mode_loader_signal","No dark-mode loader or theme signal found in page source."
"/widgets/iframe/telecom-airtime-value-widget","widgets/iframe/telecom-airtime-value-widget.html","no_dark_mode_loader_signal","No dark-mode loader or theme signal found in page source."
"/widgets/iframe/telecom-bulk-sms-cost","widgets/iframe/telecom-bulk-sms-cost.html","no_dark_mode_loader_signal","No dark-mode loader or theme signal found in page source."
"/widgets/iframe/telecom-business-internet-cost","widgets/iframe/telecom-business-internet-cost.html","no_dark_mode_loader_signal","No dark-mode loader or theme signal found in page source."
"/widgets/iframe/telecom-data-plan-value","widgets/iframe/telecom-data-plan-value.html","no_dark_mode_loader_signal","No dark-mode loader or theme signal found in page source."
"/widgets/iframe/telecom-data-usage-widget","widgets/iframe/telecom-data-usage-widget.html","no_dark_mode_loader_signal","No dark-mode loader or theme signal found in page source."
"/widgets/iframe/telecom-device-finance-widget","widgets/iframe/telecom-device-finance-widget.html","no_dark_mode_loader_signal","No dark-mode loader or theme signal found in page source."
"/widgets/iframe/telecom-roaming-cost-widget","widgets/iframe/telecom-roaming-cost-widget.html","no_dark_mode_loader_signal","No dark-mode loader or theme signal found in page source."
"/widgets/iframe/telecom-whatsapp-vs-sms-widget","widgets/iframe/telecom-whatsapp-vs-sms-widget.html","no_dark_mode_loader_signal","No dark-mode loader or theme signal found in page source."
"/widgets/iframe/trade-afcfta-duty-saving","widgets/iframe/trade-afcfta-duty-saving.html","no_dark_mode_loader_signal","No dark-mode loader or theme signal found in page source."
"/widgets/iframe/trade-container-split-cost","widgets/iframe/trade-container-split-cost.html","no_dark_mode_loader_signal","No dark-mode loader or theme signal found in page source."
"/widgets/iframe/trade-customs-time-buffer","widgets/iframe/trade-customs-time-buffer.html","no_dark_mode_loader_signal","No dark-mode loader or theme signal found in page source."
"/widgets/iframe/trade-demurrage-risk-widget","widgets/iframe/trade-demurrage-risk-widget.html","no_dark_mode_loader_signal","No dark-mode loader or theme signal found in page source."
"/widgets/iframe/trade-export-margin-widget","widgets/iframe/trade-export-margin-widget.html","no_dark_mode_loader_signal","No dark-mode loader or theme signal found in page source."
"/widgets/iframe/trade-freight-weight-widget","widgets/iframe/trade-freight-weight-widget.html","no_dark_mode_loader_signal","No dark-mode loader or theme signal found in page source."
"/widgets/iframe/trade-fx-landed-price","widgets/iframe/trade-fx-landed-price.html","no_dark_mode_loader_signal","No dark-mode loader or theme signal found in page source."
"/widgets/iframe/trade-landed-cost-lite","widgets/iframe/trade-landed-cost-lite.html","no_dark_mode_loader_signal","No dark-mode loader or theme signal found in page source."
"/widgets/iframe/travel-airport-transfer-cost","widgets/iframe/travel-airport-transfer-cost.html","no_dark_mode_loader_signal","No dark-mode loader or theme signal found in page source."
"/widgets/iframe/travel-flight-change-cost","widgets/iframe/travel-flight-change-cost.html","no_dark_mode_loader_signal","No dark-mode loader or theme signal found in page source."
"/widgets/iframe/travel-per-diem-widget","widgets/iframe/travel-per-diem-widget.html","no_dark_mode_loader_signal","No dark-mode loader or theme signal found in page source."
"/widgets/iframe/travel-travel-forex-buffer","widgets/iframe/travel-travel-forex-buffer.html","no_dark_mode_loader_signal","No dark-mode loader or theme signal found in page source."
"/widgets/iframe/travel-trip-budget-widget","widgets/iframe/travel-trip-budget-widget.html","no_dark_mode_loader_signal","No dark-mode loader or theme signal found in page source."
"/widgets/iframe/travel-visa-budget-widget","widgets/iframe/travel-visa-budget-widget.html","no_dark_mode_loader_signal","No dark-mode loader or theme signal found in page source."
"/yo/awon-ise/tunto-pdf/","yo/awon-ise/tunto-pdf/index.html","many_inline_light_backgrounds","7 inline light backgrounds may need token coverage."
"/yo/awon-ise/tunto-pdf/","yo/awon-ise/tunto-pdf/index.html","many_inline_dark_text_colors","9 inline dark text colors may clash in dark mode."
"/zambia/zm-vat","zambia/zm-vat.html","many_inline_dark_text_colors","7 inline dark text colors may clash in dark mode."
"/zimbabwe/zw-vat","zimbabwe/zw-vat.html","many_inline_dark_text_colors","7 inline dark text colors may clash in dark mode."
