scholarship id,name,provider,destination,level,field,current deadline status,current deadline date,source URL,last checked,priority score,suggested action
f88d79bb-b783-4f1b-ac33-80efad5bf63d,Clarendon Scholarships,University of Oxford,uk,masters; phd,any,unclear,,https://www.ox.ac.uk/clarendon,2026-05-19T19:23:32.732+00:00,125,Open official/source URL and verify whether a 2026 deadline is published.
26a06314-06fd-4c40-8b02-fe726a5c18e0,Graduate Research Scholarships,University of Melbourne,australia,masters; phd,any,unclear,,https://scholarships.unimelb.edu.au/awards/graduate-research-scholarships,2026-05-19T19:23:32.732+00:00,125,Open official/source URL and verify whether a 2026 deadline is published.
7fdfb2c8-4a3e-4cb6-baea-adc7b6f8f4b8,Reach Oxford Scholarship,University of Oxford,uk,undergrad,any,unclear,,https://www.ox.ac.uk/admissions/undergraduate/fees-and-funding/oxford-support/reach-oxford-scholarship,2026-05-19T19:23:32.732+00:00,125,Open official/source URL and verify whether a 2026 deadline is published.
f35a7b83-f196-4237-b690-aceac9c31a13,Weidenfeld-Hoffmann Scholarships and Leadership Programme,University of Oxford,uk,masters,any,unclear,,https://www.ox.ac.uk/admissions/graduate/fees-and-funding/fees-funding-and-scholarship-search/weidenfeld-hoffmann-scholarships-and-leadership-programme,2026-05-19T19:23:32.732+00:00,125,Open official/source URL and verify whether a 2026 deadline is published.
e401a9ab-e573-4756-baf4-90014383480a,Australia Awards Africa,Australian Government,australia,masters,law; any,unclear,,https://www.dfat.gov.au/people-to-people/australia-awards,2026-05-19T19:23:32.732+00:00,117,Open official/source URL and verify whether a 2026 deadline is published.
6ceabfa5-6dfc-4054-8750-6154a7b1353e,Cambridge Mastercard Foundation Scholars Program,University of Cambridge,uk,masters,any,unclear,,https://www.mastercardfoundation.fund.cam.ac.uk/,2026-05-19T19:23:32.732+00:00,117,Open official/source URL and verify whether a 2026 deadline is published.
fa3d4885-b0e8-494f-9878-5efc77d08b2b,Chancellor's International Scholarship,University of Warwick,uk,phd,any,unclear,,https://warwick.ac.uk/services/dc/schols_fund/scholarships_and_funding/chancellors_int,2026-05-19T19:23:32.732+00:00,117,Open official/source URL and verify whether a 2026 deadline is published.
afa7e098-c635-4a4b-9c75-c607ab239223,Knight-Hennessy Scholars,Stanford University,us,masters; phd,any,unclear,,https://knight-hennessy.stanford.edu/,2026-05-19T19:23:32.732+00:00,117,Open official/source URL and verify whether a 2026 deadline is published.
f33f1dff-c0c3-43c4-8eeb-bbcecd7331d0,Lester B. Pearson International Scholarship,University of Toronto,canada,undergrad,any,unclear,,https://future.utoronto.ca/pearson/about/,2026-05-19T19:23:32.732+00:00,117,Open official/source URL and verify whether a 2026 deadline is published.
93064862-bd81-4ced-82eb-7dd325e62825,McGill Mastercard Foundation Scholars Program,McGill University,canada,masters,any,unclear,,https://www.mcgill.ca/mastercardfdn-scholars/,2026-05-19T19:23:32.732+00:00,117,Open official/source URL and verify whether a 2026 deadline is published.
9c7b1061-ac60-493d-b35e-0376fa193c11,Sciences Po Mastercard Foundation Scholars Program,Sciences Po,eu,masters,stem; any,unclear,,https://www.sciencespo.fr/students/en/fees-funding/bursaries-financial-aid/mastercard-foundation-scholars-program/,2026-05-19T19:23:32.732+00:00,117,Open official/source URL and verify whether a 2026 deadline is published.
4ed80dda-b00f-4bc0-a335-f4fd576d5be3,Stanford Africa MBA Fellowship,Stanford Graduate School of Business,us,masters,business; any,unclear,,https://www.gsb.stanford.edu/programs/mba/financial-aid/types-aid/stanford-africa-mba-fellowship,2026-05-19T19:23:32.732+00:00,117,Open official/source URL and verify whether a 2026 deadline is published.
a27ccb4b-c28b-4a4f-91bd-bb2905c83b2d,UBC Mastercard Foundation Scholars Program,University of British Columbia,canada,undergrad,any,unclear,,https://mastercardfdn.scholars.ubc.ca/,2026-05-19T19:23:32.732+00:00,117,Open official/source URL and verify whether a 2026 deadline is published.
934e491a-ecf5-49ae-9d7d-2e05b516d5eb,University of Sydney International Scholarship,University of Sydney,australia,masters; phd,any,unclear,,https://www.sydney.edu.au/scholarships/e/university-sydney-international-scholarship.html,2026-05-19T19:23:32.732+00:00,117,Open official/source URL and verify whether a 2026 deadline is published.
cd46be9f-d643-4f07-9229-fb232f02b93e,City St George's Scholarships,City St George's University of London,uk,undergrad; masters,any,unclear,,https://www.citystgeorges.ac.uk/prospective-students/finance/scholarships,2026-05-19T19:23:32.732+00:00,110,Open official/source URL and verify whether a 2026 deadline is published.
659e79ad-11a2-4c63-8ac5-f43779eb835e,Monash International Merit Scholarship,Monash University,australia,undergrad; masters,any,unclear,,https://www.monash.edu/study/fees-scholarships/scholarships/find-a-scholarship/monash-international-merit-scholarship-5770,2026-05-19T19:23:32.732+00:00,110,Open official/source URL and verify whether a 2026 deadline is published.
ea139a3f-4685-4ce7-8afa-ebbe0b7cd230,University of Pretoria Mastercard Foundation Scholars Program,University of Pretoria,africa,undergrad; masters,any,unclear,,https://www.up.ac.za/mastercard-foundation-scholarship-program,2026-05-19T19:23:32.732+00:00,110,Open official/source URL and verify whether a 2026 deadline is published.
553961b7-1020-477b-a01c-1aaf2d958054,Utrecht Excellence Scholarships,Utrecht University,eu,masters,any,unclear,,https://www.uu.nl/en/masters/general-information/international-students/financial-matters/grants-and-scholarships/utrecht-excellence-scholarships,2026-05-19T19:23:32.732+00:00,110,Open official/source URL and verify whether a 2026 deadline is published.
95199879-2c46-453b-9cbb-b64f2da7f3d0,Vice-Chancellor's International Scholarship,Deakin University,australia,undergrad; masters,any,unclear,,https://www.deakin.edu.au/study/fees-and-scholarships/scholarships/find-a-scholarship/deakin-vice-chancellors-international-scholarship,2026-05-19T19:23:32.732+00:00,110,Open official/source URL and verify whether a 2026 deadline is published.
2f676d8e-e764-44f3-b4c8-34c95957342b,Vice-Chancellor's International Scholarship,Macquarie University,australia,undergrad; masters,any,unclear,,https://www.mq.edu.au/study/admissions-and-entry/scholarships/international/vice-chancellors-international-scholarship,2026-05-19T19:23:32.732+00:00,110,Open official/source URL and verify whether a 2026 deadline is published.
82882727-06ab-47ea-844b-374519bac6d2,Eiffel Excellence Scholarship Program,Campus France,eu,masters; phd,any,unclear,,https://www.campusfrance.org/en/eiffel-scholarship-program-of-excellence,2026-05-19T19:23:32.732+00:00,105,Open official/source URL and verify whether a 2026 deadline is published.
ed6dafcf-5212-4bf6-b59c-dcf1244252f6,ENS International Selection,Ecole Normale Superieure,eu,masters,any,unclear,,https://www.ens.psl.eu/en/academics/admissions/international-selection,2026-05-19T19:23:32.732+00:00,105,Open official/source URL and verify whether a 2026 deadline is published.
6431e348-8550-42db-81f6-b037217fb6d0,ETH Zurich Excellence Scholarship and Opportunity Programme,ETH Zurich,eu,masters,stem; any,unclear,,https://ethz.ch/students/en/studies/financial/scholarships/excellencescholarship.html,2026-05-19T19:23:32.732+00:00,105,Open official/source URL and verify whether a 2026 deadline is published.
d07a5cdf-5133-4869-a3b8-353bcb434b95,Ireland Fellows Programme,Irish Aid,eu,masters,any,unclear,,https://www.irishaidfellowships.ie/,2026-05-19T19:23:32.732+00:00,105,Open official/source URL and verify whether a 2026 deadline is published.
94de36d7-72c0-4f55-b636-fbad110432a6,Swedish Institute Scholarships,Swedish Institute,eu,masters,any,unclear,,https://si.se/en/apply/scholarships/,2026-05-19T19:23:32.732+00:00,105,Open official/source URL and verify whether a 2026 deadline is published.
41ae0c07-802c-4900-9c9e-1fb352a1b2cc,VLIR-UOS ICP Connect Scholarships,VLIR-UOS,eu,masters,any,unclear,,https://www.vliruos.be/en/scholarships,2026-05-19T19:23:32.732+00:00,105,Open official/source URL and verify whether a 2026 deadline is published.
b42c2877-d1a5-4f7f-8f75-db725d399a67,Aalto Scholarships and Tuition Fees,Aalto University,eu,undergrad; masters; phd,any,unclear,,https://www.aalto.fi/en/admission-services/scholarships-and-tuition-fees,2026-05-19T19:23:32.732+00:00,102,Open official/source URL and verify whether a 2026 deadline is published.
5462b92d-ebce-4c0c-a1b0-2274b5b6f476,ANU Chancellor's International Scholarship,Australian National University,australia,undergrad; masters,any,unclear,,https://www.anu.edu.au/study/scholarships/find-a-scholarship/anu-chancellors-international-scholarship,2026-05-19T19:23:32.732+00:00,102,Open official/source URL and verify whether a 2026 deadline is published.
e378a46c-6471-41f6-ad07-ae8bd3f4c2bd,Brunel University Scholarships,Brunel University London,uk,undergrad; masters; phd,any,unclear,,https://www.brunel.ac.uk/scholarships,2026-05-19T19:23:32.732+00:00,102,Open official/source URL and verify whether a 2026 deadline is published.
ac8c9562-9cdc-49ad-9e16-5c656407a8c4,Cambridge Trust Scholarships,Cambridge Trust,uk,undergrad; masters; phd,any,unclear,,https://www.cambridgetrust.org/scholarships/,2026-05-19T19:23:32.732+00:00,102,Open official/source URL and verify whether a 2026 deadline is published.
092c6513-bd87-4e08-aaf9-2b9d2faef5f7,Carleton Awards and Financial Aid,Carleton University,canada,undergrad; masters; phd,any,unclear,,https://carleton.ca/awards/,2026-05-19T19:23:32.732+00:00,102,Open official/source URL and verify whether a 2026 deadline is published.
4d53d03e-5277-4539-9f68-249dc5a8750b,Chalmers Scholarships,Chalmers University of Technology,eu,masters,stem; any,unclear,,https://www.chalmers.se/en/education/fees-finance/scholarships/,2026-05-19T19:23:32.732+00:00,102,Open official/source URL and verify whether a 2026 deadline is published.
7d1f82b9-997f-4098-9489-2cf7e3d675cc,Chancellor's International Scholarships,University of Sussex,uk,masters,any,unclear,,https://www.sussex.ac.uk/study/fees-funding/masters-scholarships/view/1541-Chancellors-International-Scholarships,2026-05-19T19:23:32.732+00:00,102,Open official/source URL and verify whether a 2026 deadline is published.
14352a23-2897-426b-af00-9ae03e674457,Chevening Scholarship,UK Government (FCDO),uk,masters,any,upcoming,,https://www.chevening.org,2026-05-21T06:34:33.643+00:00,102,Verify the exact cycle date when published; do not convert month-only text into a date.
24821813-a502-4285-87fa-facfbc082c72,Commonwealth Scholarship,Commonwealth Secretariat,uk,masters; phd,any,upcoming,,https://cscuk.fcdo.gov.uk,2026-05-21T06:34:33.644+00:00,102,Verify the exact cycle date when published; do not convert month-only text into a date.
454c7998-c51e-49ab-b0c3-b56bbeab3963,Concordia Scholarships and Funding,Concordia University,canada,undergrad; masters; phd,any,unclear,,https://www.concordia.ca/students/financial/scholarships-funding.html,2026-05-19T19:23:32.732+00:00,102,Open official/source URL and verify whether a 2026 deadline is published.
00381b2d-dbbb-4c15-9a9b-d95fbaffb3da,Curtin Scholarships,Curtin University,australia,undergrad; masters; phd,any,unclear,,https://scholarships.curtin.edu.au/,2026-05-19T19:23:32.732+00:00,102,Open official/source URL and verify whether a 2026 deadline is published.
45ae978a-6514-43c2-a9d5-90f5bf771caf,DAAD Scholarship,German Academic Exchange Service,eu,masters; phd; postdoc,any,upcoming,,https://www.daad.de,2026-05-21T06:34:33.644+00:00,102,Verify the exact cycle date when published; do not convert month-only text into a date.
7af73bce-ad55-4677-ba83-e991651c88bc,Durham University Scholarships,Durham University,uk,undergrad; masters; phd,any,unclear,,https://www.durham.ac.uk/study/scholarships/,2026-05-19T19:23:32.732+00:00,102,Open official/source URL and verify whether a 2026 deadline is published.
7dfbb592-f84c-4093-9d6b-fe42ce46e88a,EduCanada Scholarships,Government of Canada,canada,undergrad; masters; phd; postdoc,law; any,unclear,,https://www.educanada.ca/scholarships-bourses/index.aspx,2026-05-19T19:23:32.732+00:00,102,Open official/source URL and verify whether a 2026 deadline is published.
252664fe-1cbe-47a6-a580-be37fc246ef6,Erasmus Mundus Joint Masters,European Commission,eu,masters,stem; arts; any,upcoming,,https://www.eacea.ec.europa.eu/scholarships/erasmus-mundus,2026-05-21T06:34:33.644+00:00,102,Verify the exact cycle date when published; do not convert month-only text into a date.
ac8c85d5-3b81-4e21-a885-7819b115f21a,Erasmus University Rotterdam Scholarships,Erasmus University Rotterdam,eu,undergrad; masters; phd,any,unclear,,https://www.eur.nl/en/education/practical-matters/financial-matters/scholarships-grants,2026-05-19T19:23:32.732+00:00,102,Open official/source URL and verify whether a 2026 deadline is published.
91036d37-7623-4159-81b7-ec5acb24d11c,Flinders Scholarships,Flinders University,australia,undergrad; masters; phd,any,unclear,,https://www.flinders.edu.au/scholarships,2026-05-19T19:23:32.732+00:00,102,Open official/source URL and verify whether a 2026 deadline is published.
659d8c97-f0cf-4e30-881a-5eb5e660a640,Fulbright Foreign Student Program,US Department of State,us,masters; phd,any,upcoming,,https://foreign.fulbrightonline.org,2026-05-21T06:34:33.643+00:00,102,Verify the exact cycle date when published; do not convert month-only text into a date.
3121ca5c-cde6-41c9-961d-ffb3af184e94,Gates Cambridge Scholarship,Gates Foundation,uk,masters; phd,any,upcoming,,https://www.gatescambridge.org,2026-05-21T06:34:33.643+00:00,102,Verify the exact cycle date when published; do not convert month-only text into a date.
781ffeb1-e3f2-4e49-b593-09a6358cabb4,Goldsmiths Scholarships,Goldsmiths University of London,uk,undergrad; masters; phd,any,unclear,,https://www.gold.ac.uk/fees-funding/scholarships/,2026-05-19T19:23:32.732+00:00,102,Open official/source URL and verify whether a 2026 deadline is published.
ecb4555d-4133-4ce3-bd33-8e2a29e11384,Hungarian Government Scholarship,Tempus Public Foundation,eu,undergrad; masters; phd,any,upcoming,,https://stipendiumhungaricum.hu,2026-05-21T06:34:33.644+00:00,102,Verify the exact cycle date when published; do not convert month-only text into a date.
842ecc95-8bc1-4601-b63b-4f574870d7ac,IE University Scholarships,IE University,eu,undergrad; masters,any,unclear,,https://www.ie.edu/financial-aid/scholarships/,2026-05-19T19:23:32.732+00:00,102,Open official/source URL and verify whether a 2026 deadline is published.
c72dd1f7-2505-45ae-8af1-f824c52da744,International Undergraduate Merit Scholarship,University of Sheffield,uk,undergrad,any,unclear,,https://www.sheffield.ac.uk/international/fees-and-funding/scholarships/undergraduate/international-undergraduate-merit-scholarship,2026-05-19T19:23:32.732+00:00,102,Open official/source URL and verify whether a 2026 deadline is published.
9faac541-08f3-4557-83b8-94f54a22d605,Leiden University Excellence Scholarship,Leiden University,eu,masters,any,unclear,,https://www.universiteitleiden.nl/en/scholarships/sea/leiden-university-excellence-scholarship-lexs,2026-05-19T19:23:32.732+00:00,102,Open official/source URL and verify whether a 2026 deadline is published.
db007c3b-9356-49bd-acde-df180e7eaae9,Mandela Rhodes Scholarship,Mandela Rhodes Foundation,africa,masters,any,unclear,,https://mandelarhodes.org/scholarship/,2026-05-19T19:23:32.732+00:00,102,Open official/source URL and verify whether a 2026 deadline is published.
cd026bfb-83bf-440f-aae3-5a26104d7e2e,Mastercard Foundation Scholars,Mastercard Foundation,global,undergrad; masters,any,unclear,,https://mastercardfdn.org/all/scholars,2026-05-21T06:34:33.644+00:00,102,Open official/source URL and verify whether a 2026 deadline is published.
f5a86c73-6188-4ce3-a40d-23b7c8b33cc7,McGill Entrance Scholarships,McGill University,canada,undergrad,any,unclear,,https://www.mcgill.ca/studentaid/scholarships-aid/future-undergrads/entrance-scholarships,2026-05-19T19:23:32.732+00:00,102,Open official/source URL and verify whether a 2026 deadline is published.
c451ca28-e12d-46da-a0ea-73279944ed49,MEXT Scholarships,Government of Japan,global,undergrad; masters; phd,stem; any,unclear,,https://www.studyinjapan.go.jp/en/planning/scholarships/mext-scholarships/,2026-05-19T19:23:32.732+00:00,102,Open official/source URL and verify whether a 2026 deadline is published.
5400bf69-d5b3-4741-b8bb-86901d868749,Middlesex University Scholarships,Middlesex University,uk,undergrad; masters,any,unclear,,https://www.mdx.ac.uk/study-with-us/fees-and-funding/scholarships/,2026-05-19T19:23:32.732+00:00,102,Open official/source URL and verify whether a 2026 deadline is published.
14d6261b-ad8f-45e0-abdd-c63f817df3e3,Pan African University Scholarships,African Union,africa,masters; phd,any,unclear,,https://www.au-pau.org/,2026-05-19T19:23:32.732+00:00,102,Open official/source URL and verify whether a 2026 deadline is published.
0eda8686-71e3-4750-b7b8-65ae300a3e55,Queen Mary Scholarships,Queen Mary University of London,uk,undergrad; masters; phd,any,unclear,,https://www.qmul.ac.uk/scholarships/,2026-05-19T19:23:32.732+00:00,102,Open official/source URL and verify whether a 2026 deadline is published.
3b3ed8c8-c1dd-40bf-be14-93ba35db7201,Radboud Scholarship Programme,Radboud University,eu,masters,any,unclear,,https://www.ru.nl/en/education/scholarships/radboud-scholarship-programme,2026-05-19T19:23:32.732+00:00,102,Open official/source URL and verify whether a 2026 deadline is published.
247c359a-0ca9-445e-b2c6-948045107ce1,Rhodes Scholarship,Rhodes Trust,uk,masters; phd,any,upcoming,,https://www.rhodeshouse.ox.ac.uk,2026-05-21T06:34:33.643+00:00,102,Verify the exact cycle date when published; do not convert month-only text into a date.
55babc35-1f24-43dd-8927-ef8dcbc7c332,RMIT International Scholarships,RMIT University,australia,undergrad; masters; phd,any,unclear,,https://www.rmit.edu.au/study-with-us/international-students/apply-to-rmit-international-students/fees-and-scholarships/scholarships,2026-05-19T19:23:32.732+00:00,102,Open official/source URL and verify whether a 2026 deadline is published.
bf759cfc-4b85-481e-8d1d-f273798d6562,Royal Holloway Scholarships,Royal Holloway University of London,uk,undergrad; masters; phd,any,unclear,,https://www.royalholloway.ac.uk/studying-here/fees-and-funding/scholarships/,2026-05-19T19:23:32.732+00:00,102,Open official/source URL and verify whether a 2026 deadline is published.
ca577c3a-53f8-419c-82d5-111172282491,SFU Financial Aid and Awards,Simon Fraser University,canada,undergrad; masters,any,unclear,,https://www.sfu.ca/students/financialaid.html,2026-05-19T19:23:32.732+00:00,102,Open official/source URL and verify whether a 2026 deadline is published.
443b0e4c-b047-4f7d-a1c8-85fe287ad181,SOAS Scholarships,SOAS University of London,uk,undergrad; masters; phd,any,unclear,,https://www.soas.ac.uk/study/fees-and-funding/scholarships,2026-05-19T19:23:32.732+00:00,102,Open official/source URL and verify whether a 2026 deadline is published.
e7e7c86c-36c5-4901-a32f-26cd4fcaf0aa,Think Big Postgraduate Scholarships,University of Bristol,uk,masters,any,unclear,,https://www.bristol.ac.uk/students/support/finances/scholarships/think-big-postgraduate/,2026-05-19T19:23:32.732+00:00,102,Open official/source URL and verify whether a 2026 deadline is published.
62a04d9c-baf9-4253-8317-d5d22a6f7dda,Think Big Undergraduate Scholarships,University of Bristol,uk,undergrad,any,unclear,,https://www.bristol.ac.uk/students/support/finances/scholarships/think-big-undergraduate/,2026-05-19T19:23:32.732+00:00,102,Open official/source URL and verify whether a 2026 deadline is published.
980cd7b6-494e-43b6-8a03-fb80a21241a1,Turkish Government Scholarship,Republic of Turkey,eu,undergrad; masters; phd,any,upcoming,,https://turkiyeburslari.gov.tr,2026-05-21T06:34:33.644+00:00,102,Verify the exact cycle date when published; do not convert month-only text into a date.
515a1a5b-bc40-45c2-944a-382986f4aa37,UBC International Scholars Program,University of British Columbia,canada,undergrad,any,unclear,,https://you.ubc.ca/financial-planning/scholarships-awards-international-students/international-scholars/,2026-05-19T19:23:32.732+00:00,102,Open official/source URL and verify whether a 2026 deadline is published.
ae9b7b81-8655-412b-aad8-b64d0c51d76e,UChicago International Financial Aid,University of Chicago,us,undergrad,any,unclear,,https://collegeadmissions.uchicago.edu/financial-support/international-financial-aid,2026-05-19T19:23:32.732+00:00,102,Open official/source URL and verify whether a 2026 deadline is published.
e326d402-b7be-4a0c-a340-c45760777e07,UCL Global Masters Scholarship,University College London,uk,masters,any,unclear,,https://www.ucl.ac.uk/scholarships/ucl-global-masters-scholarship,2026-05-19T19:23:32.732+00:00,102,Open official/source URL and verify whether a 2026 deadline is published.
12e35fc3-824a-4f67-a834-922822eff48d,UCL Global Undergraduate Scholarship,University College London,uk,undergrad,any,unclear,,https://www.ucl.ac.uk/scholarships/ucl-global-undergraduate-scholarship,2026-05-19T19:23:32.732+00:00,102,Open official/source URL and verify whether a 2026 deadline is published.
800f5f61-5723-4f2b-9f8e-342dd6801254,University of Aberdeen Funding,University of Aberdeen,uk,undergrad; masters; phd,any,unclear,,https://www.abdn.ac.uk/study/funding/,2026-05-19T19:23:32.732+00:00,102,Open official/source URL and verify whether a 2026 deadline is published.
3d728a8e-7c6a-476b-bc56-79a348eec509,University of Calgary International Entrance Scholarship,University of Calgary,canada,undergrad,any,unclear,,https://www.ucalgary.ca/registrar/finances/awards-scholarships-and-bursaries,2026-05-19T19:23:32.732+00:00,102,Open official/source URL and verify whether a 2026 deadline is published.
9fc82cfc-0935-4943-947e-cde315992f28,University of Copenhagen Scholarships,University of Copenhagen,eu,masters,any,unclear,,https://studies.ku.dk/masters/tuition-fees-scholarships/scholarships/,2026-05-19T19:23:32.732+00:00,102,Open official/source URL and verify whether a 2026 deadline is published.
0bc93a78-5d1a-4203-9b9f-cc7599dda58c,University of East Anglia Scholarships,University of East Anglia,uk,undergrad; masters; phd,any,unclear,,https://www.uea.ac.uk/study/fees-and-funding/scholarships,2026-05-19T19:23:32.732+00:00,102,Open official/source URL and verify whether a 2026 deadline is published.
c713e7d9-402f-4df4-a533-3133fc201321,University of Essex Scholarships,University of Essex,uk,undergrad; masters; phd,any,unclear,,https://www.essex.ac.uk/scholarships,2026-05-19T19:23:32.732+00:00,102,Open official/source URL and verify whether a 2026 deadline is published.
d06882a0-1852-4927-8dbd-910dd0be5161,University of Exeter Funding and Scholarships,University of Exeter,uk,undergrad; masters; phd,any,unclear,,https://www.exeter.ac.uk/study/funding/,2026-05-19T19:23:32.732+00:00,102,Open official/source URL and verify whether a 2026 deadline is published.
35e6c036-146d-4fea-a3e7-b2d3d54a19b6,University of Kent Scholarships,University of Kent,uk,undergrad; masters; phd,any,unclear,,https://www.kent.ac.uk/scholarships,2026-05-19T19:23:32.732+00:00,102,Open official/source URL and verify whether a 2026 deadline is published.
04805b85-9e83-4320-af25-8e650b5e83d8,University of Ottawa Scholarships and Awards,University of Ottawa,canada,undergrad; masters; phd,any,unclear,,https://www.uottawa.ca/study/fees-financial-support/scholarships-awards,2026-05-19T19:23:32.732+00:00,102,Open official/source URL and verify whether a 2026 deadline is published.
4c9f81fe-42e0-4dd8-be80-1edc3ea12e83,University of Padua Scholarships,University of Padua,eu,undergrad; masters; phd,any,unclear,,https://www.unipd.it/en/scholarships,2026-05-19T19:23:32.732+00:00,102,Open official/source URL and verify whether a 2026 deadline is published.
f560a4b8-0439-4931-aeb0-013f859bc5e2,University of Saskatchewan Scholarships,University of Saskatchewan,canada,undergrad; masters; phd,any,unclear,,https://students.usask.ca/money/scholarships.php,2026-05-19T19:23:32.732+00:00,102,Open official/source URL and verify whether a 2026 deadline is published.
37b06450-c5a5-4d66-ab66-f0ac080abc72,University of Southampton Scholarships,University of Southampton,uk,undergrad; masters; phd,any,unclear,,https://www.southampton.ac.uk/study/fees-funding/scholarships,2026-05-19T19:23:32.732+00:00,102,Open official/source URL and verify whether a 2026 deadline is published.
e858a990-b8a8-4a89-a620-485f3579279e,University of St Andrews Scholarships,University of St Andrews,uk,undergrad; masters; phd,any,unclear,,https://www.st-andrews.ac.uk/study/fees-and-funding/scholarships/,2026-05-19T19:23:32.732+00:00,102,Open official/source URL and verify whether a 2026 deadline is published.
170884f7-7b9c-4141-ade5-9a584a4199a0,University of Strathclyde Scholarships,University of Strathclyde,uk,undergrad; masters; phd,any,unclear,,https://www.strath.ac.uk/studywithus/scholarships/,2026-05-19T19:23:32.732+00:00,102,Open official/source URL and verify whether a 2026 deadline is published.
923a4c62-c8c0-4f80-8b7e-b523cd7eb0e4,University of Twente Scholarship,University of Twente,eu,masters,any,unclear,,https://www.utwente.nl/en/education/scholarship-finder/university-of-twente-scholarship/,2026-05-19T19:23:32.732+00:00,102,Open official/source URL and verify whether a 2026 deadline is published.
4803659a-dece-4617-aca7-389693b18d55,University of Westminster Scholarships,University of Westminster,uk,undergrad; masters,any,unclear,,https://www.westminster.ac.uk/study/fees-and-funding/scholarships,2026-05-19T19:23:32.732+00:00,102,Open official/source URL and verify whether a 2026 deadline is published.
3de028f6-e4dc-4abc-9261-3f7e6bafa184,University of Wollongong Scholarships,University of Wollongong,australia,undergrad; masters; phd,any,unclear,,https://www.uow.edu.au/study/scholarships/,2026-05-19T19:23:32.732+00:00,102,Open official/source URL and verify whether a 2026 deadline is published.
7b517f72-e263-47d5-a250-a7c9eef03fc6,USIU-Africa Mastercard Foundation Scholars Program,United States International University Africa,africa,undergrad,any,unclear,,https://www.usiu.ac.ke/mastercard-foundation-scholars-program/,2026-05-19T19:23:32.732+00:00,102,Open official/source URL and verify whether a 2026 deadline is published.
8442f489-2024-4c77-aa29-b226d132521b,UTS International Student Scholarships,University of Technology Sydney,australia,undergrad; masters,stem; any,unclear,,https://www.uts.edu.au/study/international/essential-information/scholarships-international-students,2026-05-19T19:23:32.732+00:00,102,Open official/source URL and verify whether a 2026 deadline is published.
cef62786-56bd-4c6b-ae0f-6bbc0d81085c,Western National Scholarship Program,Western University,canada,undergrad,any,unclear,,https://registrar.uwo.ca/student_finances/scholarships_awards/national_scholarship_program.html,2026-05-19T19:23:32.732+00:00,102,Open official/source URL and verify whether a 2026 deadline is published.
52879903-eca9-4707-b3c1-61217ad629d7,AfDB Japan Africa Dream Scholarship,African Development Bank,global,masters,agric; development; any,unclear,,https://www.afdb.org/en/about-us/careers/japan-africa-dream-scholarship-jads-program,2026-05-19T19:23:32.732+00:00,98,Open official/source URL and verify whether a 2026 deadline is published.
3297a405-01b7-49d1-b473-12af4e429e96,Tongarewa Scholarship,Victoria University of Wellington,global,undergrad; masters,any,unclear,,https://www.wgtn.ac.nz/scholarships/current/tongarewa-scholarship,2026-05-19T19:23:32.732+00:00,95,Open official/source URL and verify whether a 2026 deadline is published.
c67e2808-ba2c-4b8d-beb7-09285071c31a,AAUW International Fellowships,AAUW,us,masters; phd; postdoc,any,unclear,,https://www.aauw.org/resources/programs/fellowships-grants/current-opportunities/international/,2026-05-19T19:23:32.732+00:00,90,Open official/source URL and verify whether a 2026 deadline is published.
e86e2c15-3177-4c91-a484-6e7e7c11483f,ADB Japan Scholarship Program,Asian Development Bank,global,masters,agric; development; any,unclear,,https://www.adb.org/work-with-us/careers/japan-scholarship-program,2026-05-19T19:23:32.732+00:00,90,Open official/source URL and verify whether a 2026 deadline is published.
627f8164-3186-4fb7-8bd6-5a3b3e9664bb,Campus France CampusBourses,Campus France,eu,undergrad; masters; phd,any,unclear,,https://campusbourses.campusfrance.org/,2026-05-19T19:23:32.732+00:00,90,Open official/source URL and verify whether a 2026 deadline is published.
f1429056-fcaa-4ead-8d72-a7ff77384c29,Deutschlandstipendium,Federal Ministry of Education and Research Germany,eu,undergrad; masters,any,unclear,,https://www.deutschlandstipendium.de/de/english-1700.html,2026-05-19T19:23:32.732+00:00,90,Open official/source URL and verify whether a 2026 deadline is published.
9be04a7f-7a1f-4d73-aad0-8699a9eefff6,Emile Boutmy Scholarship,Sciences Po,eu,undergrad; masters,stem; any,unclear,,https://www.sciencespo.fr/students/en/fees-funding/bursaries-financial-aid/emile-boutmy-scholarship/,2026-05-19T19:23:32.732+00:00,90,Open official/source URL and verify whether a 2026 deadline is published.
6c8c6cf1-a0a0-4b3e-b425-071cd74d8d83,EPFL Excellence Fellowships,EPFL,eu,masters,stem; any,unclear,,https://www.epfl.ch/education/master/master-excellence-fellowships/,2026-05-19T19:23:32.732+00:00,90,Open official/source URL and verify whether a 2026 deadline is published.
c04fb039-ac7b-4ec8-a123-fa24d71ee2b6,Heinrich Boll Foundation Scholarships,Heinrich Boll Foundation,eu,undergrad; masters; phd,any,unclear,,https://www.boell.de/en/scholarships,2026-05-19T19:23:32.732+00:00,90,Open official/source URL and verify whether a 2026 deadline is published.
5d85443b-e491-4f8f-a0b4-a35175f8c407,IsDB Scholarship Programmes,Islamic Development Bank,global,undergrad; masters; phd; postdoc,agric; development; any,unclear,,https://www.isdb.org/scholarships,2026-05-19T19:23:32.732+00:00,90,Open official/source URL and verify whether a 2026 deadline is published.
8b9435f4-f903-48c5-af7f-6776725995fa,Joint Japan/IMF Scholarship Program,International Monetary Fund,global,masters,any,unclear,,https://www.imf.org/en/About/Factsheets/Sheets/2023/Joint-Japan-IMF-Scholarship-Program,2026-05-19T19:23:32.732+00:00,90,Open official/source URL and verify whether a 2026 deadline is published.
7d5380db-5da7-4ab9-9816-2f055162b3ee,LSE Graduate Support Scheme,London School of Economics,uk,masters,business; any,unclear,,https://www.lse.ac.uk/study-at-lse/Graduate/fees-and-funding/graduate-support-scheme,2026-05-19T19:23:32.732+00:00,90,Open official/source URL and verify whether a 2026 deadline is published.
90ee91b9-26d9-4df5-897d-5dd77b89ed09,Manaaki New Zealand Scholarships,New Zealand Ministry of Foreign Affairs and Trade,global,undergrad; masters; phd,any,unclear,,https://www.nzscholarships.govt.nz/,2026-05-19T19:23:32.732+00:00,90,Open official/source URL and verify whether a 2026 deadline is published.
5ededd3f-1c1d-4caa-8144-9ea13f1d5ce6,MIT Scholarships,Massachusetts Institute of Technology,us,undergrad,stem; any,unclear,,https://sfs.mit.edu/undergraduate-students/types-of-aid/mit-scholarship/,2026-05-19T19:23:32.732+00:00,90,Open official/source URL and verify whether a 2026 deadline is published.
9a24829a-8b47-40a6-95ca-ddeb276a2b5f,Mo Ibrahim Foundation Fellowships,Mo Ibrahim Foundation,africa,masters; phd; postdoc,law; any,unclear,,https://mo.ibrahim.foundation/fellowships,2026-05-19T19:23:32.732+00:00,90,Open official/source URL and verify whether a 2026 deadline is published.
d9ccae79-41bf-4c1e-bb1e-0262e832cbfa,OWSD PhD Fellowship,Organization for Women in Science for the Developing World,global,phd,stem; any,unclear,,https://owsd.net/career-development/phd-fellowship,2026-05-19T19:23:32.732+00:00,90,Open official/source URL and verify whether a 2026 deadline is published.
2c06c780-c652-4724-94b3-6391e7b0e25b,Politecnico di Milano Scholarships,Politecnico di Milano,eu,masters,any,unclear,,https://www.polimi.it/en/international-prospective-students/laurea-magistrale-programmes-equivalent-to-master-of-science/scholarships,2026-05-19T19:23:32.732+00:00,90,Open official/source URL and verify whether a 2026 deadline is published.
cff28715-e16d-430a-ab29-3d42808eed95,Rosa Luxemburg Foundation Scholarships,Rosa Luxemburg Foundation,eu,masters; phd,any,unclear,,https://www.rosalux.de/en/foundation/studienwerk,2026-05-19T19:23:32.732+00:00,90,Open official/source URL and verify whether a 2026 deadline is published.
3e2f6aff-003b-4a86-bd7d-1fcfd32d66b8,Rotary Peace Fellowships,Rotary International,global,masters,law; any,unclear,,https://www.rotary.org/en/our-programs/peace-fellowships,2026-05-19T19:23:32.732+00:00,90,Open official/source URL and verify whether a 2026 deadline is published.
76c50062-759f-4eb9-87a1-9870bf94e1c3,Study in NL Scholarships,Nuffic,eu,undergrad; masters,any,unclear,,https://www.studyinnl.org/finances/scholarships,2026-05-19T19:23:32.732+00:00,90,Open official/source URL and verify whether a 2026 deadline is published.
d6294889-4f1d-4fa0-b643-3284c7d9f9ad,TWAS Fellowships,The World Academy of Sciences,global,phd; postdoc,stem; any,unclear,,https://twas.org/opportunities/fellowships,2026-05-19T19:23:32.732+00:00,90,Open official/source URL and verify whether a 2026 deadline is published.
f4137669-2c06-46ae-9579-9c8b7d69763d,Ghana Scholarships Secretariat,Government of Ghana,africa,undergrad; masters; phd,law; any,unclear,,https://www.scholarships.gov.gh/,2026-05-19T19:23:32.732+00:00,87,Open official/source URL and verify whether a 2026 deadline is published.
1ba60627-d9d0-4098-9148-6f2363842012,Aga Khan Foundation International Scholarship Programme,Aga Khan Foundation,global,masters; phd,any,unclear,,https://the.akdn/en/what-we-do/developing-human-capacity/education/international-scholarships,2026-05-19T19:23:32.732+00:00,75,Open official/source URL and verify whether a 2026 deadline is published.
7999b82c-ddb9-4237-8860-8bcca1cf02f8,Amelia Earhart Fellowship,Zonta International,global,phd,any,unclear,,https://www.zonta.org/Web/Programs/Education/Amelia_Earhart_Fellowship,2026-05-19T19:23:32.732+00:00,75,Open official/source URL and verify whether a 2026 deadline is published.
9f31c478-3857-4ad5-9306-f7ed463c2d28,Margaret McNamara Education Grants,MMEG,global,undergrad; masters; phd,any,unclear,,https://www.mmeg.org/,2026-05-19T19:23:32.732+00:00,75,Open official/source URL and verify whether a 2026 deadline is published.
c10b814b-117d-42a4-b2e4-fc68ca3a5f05,MTN Foundation Scholarship,MTN Nigeria Foundation,africa,undergrad,any,unclear,,https://www.mtn.ng/scholarships/,2026-05-19T19:23:32.732+00:00,75,Open official/source URL and verify whether a 2026 deadline is published.
e5359f4a-273d-4dd1-a383-92702e4d0230,Nigeria Federal Scholarship Board Awards,Federal Scholarship Board Nigeria,africa,undergrad; masters; phd,any,unclear,,https://fsbn.com.ng/,2026-05-19T19:23:32.732+00:00,75,Open official/source URL and verify whether a 2026 deadline is published.
e18ddd3a-38e7-4aa8-ab4f-ea7439269148,Shell Nigeria Scholarships,Shell Nigeria,africa,undergrad,any,unclear,,https://www.shell.com.ng/sustainability/communities/education-programmes/scholarships.html,2026-05-19T19:23:32.732+00:00,75,Open official/source URL and verify whether a 2026 deadline is published.
178e3481-9c9f-4b85-9110-a467394d263d,UNESCO Fellowships,UNESCO,global,masters; phd; postdoc,any,unclear,,https://www.unesco.org/en/fellowships,2026-05-19T19:23:32.732+00:00,75,Open official/source URL and verify whether a 2026 deadline is published.
3066cfa9-db9d-4b4a-8736-847e39623251,Wells Mountain Initiative Scholars Program,Wells Mountain Initiative,global,undergrad,any,unclear,,https://wellsmountaininitiative.org/our-programs/scholars-program/,2026-05-19T19:23:32.732+00:00,75,Open official/source URL and verify whether a 2026 deadline is published.
4c0b2202-69e5-4100-863e-9678265319a4,Joint Japan/World Bank Graduate Scholarship Program,World Bank,global,masters,development,urgent,2026-05-29,https://www.worldbank.org/en/programs/scholarships/jj-wbgsp,2026-05-16T03:06:28.449246+00:00,17,Keep monitoring source before the next cycle.
