id,slug,title,provider,destination_countries,study_levels,fields,funding_type,current_status,deadline_date,deadline_text,deadline_classification,display_label,safe_display_explanation,manual_deadline_verification_needed,classification_evidence,deadline_confidence,source_confidence,proof_level,confidence_mode,trust_level,source_key,official_url_quality,official_url_domain,official_url,source_url,last_verified_at,last_seen_at,days_left
4c0b2202-69e5-4100-863e-9678265319a4,joint-japan-world-bank-graduate-scholarship-program-world-bank,Joint Japan/World Bank Graduate Scholarship Program,World Bank,global,masters,development,full,open,2026-05-29,"Application Window #2: March 30 to May 29, 2026",real_deadline_available,Real deadline available,"Display the stored deadline date with days left, and still link users to the official provider page before applying.",no,deadline_date is populated in production data,high,high - live official page with dated deadline,official_page,live,official,world-bank-jjwbgsp,verified_official_page,worldbank.org,https://www.worldbank.org/en/programs/scholarships/jj-wbgsp,https://www.worldbank.org/en/programs/scholarships/jj-wbgsp,2026-05-16T03:06:28.449Z,2026-05-16T03:06:28.449Z,9
b42c2877-d1a5-4f7f-8f75-db725d399a67,aalto-scholarships,Aalto Scholarships and Tuition Fees,Aalto University,eu,undergrad|masters|phd,any,partial,unclear,,Check official page,source_needs_manual_review,Source needs manual review,Display Deadline unclear. The current data does not contain a reliable dated deadline or clear application status.,yes,deadline_text=Check official page,low,"medium - recent official link check, deadline not parsed",official_link,curated,curated,afrotools-curated-backup,valid_https_official_link,aalto.fi,https://www.aalto.fi/en/admission-services/scholarships-and-tuition-fees,https://www.aalto.fi/en/admission-services/scholarships-and-tuition-fees,2026-05-19T19:23:32.732Z,2026-05-19T19:23:32.732Z,
c67e2808-ba2c-4b8d-beb7-09285071c31a,aauw-international-fellowships,AAUW International Fellowships,AAUW,us,masters|phd|postdoc,any,partial,unclear,,Check official page,source_needs_manual_review,Source needs manual review,Display Deadline unclear. The current data does not contain a reliable dated deadline or clear application status.,yes,deadline_text=Check official page,low,"medium - recent official link check, deadline not parsed",official_link,curated,curated,afrotools-curated-backup,valid_https_official_link,aauw.org,https://www.aauw.org/resources/programs/fellowships-grants/current-opportunities/international/,https://www.aauw.org/resources/programs/fellowships-grants/current-opportunities/international/,2026-05-19T19:23:32.732Z,2026-05-19T19:23:32.732Z,
e86e2c15-3177-4c91-a484-6e7e7c11483f,adb-japan-scholarship-program,ADB Japan Scholarship Program,Asian Development Bank,global,masters,agric|development|any,full,unclear,,Check official page,source_needs_manual_review,Source needs manual review,Display Deadline unclear. The current data does not contain a reliable dated deadline or clear application status.,yes,deadline_text=Check official page,low,"medium - recent official link check, deadline not parsed",official_link,curated,curated,afrotools-curated-backup,valid_https_official_link,adb.org,https://www.adb.org/work-with-us/careers/japan-scholarship-program,https://www.adb.org/work-with-us/careers/japan-scholarship-program,2026-05-19T19:23:32.732Z,2026-05-19T19:23:32.732Z,
52879903-eca9-4707-b3c1-61217ad629d7,afdb-jads,AfDB Japan Africa Dream Scholarship,African Development Bank,global,masters,agric|development|any,full,unclear,,Check official page,source_needs_manual_review,Source needs manual review,Display Deadline unclear. The official link or source needs manual verification before any deadline or open status is shown.,yes,official_link_http_blocked,low,low - official URL needs manual HTTP review,official_link_http_blocked,curated,curated,afrotools-curated-backup,official_link_http_blocked,afdb.org,https://www.afdb.org/en/about-us/careers/japan-africa-dream-scholarship-jads-program,https://www.afdb.org/en/about-us/careers/japan-africa-dream-scholarship-jads-program,2026-05-19T19:23:32.732Z,2026-05-19T19:23:32.732Z,
1ba60627-d9d0-4098-9148-6f2363842012,aga-khan-international-scholarship,Aga Khan Foundation International Scholarship Programme,Aga Khan Foundation,global,masters|phd,any,partial,unclear,,Check official page,source_needs_manual_review,Source needs manual review,Display Deadline unclear. The current data does not contain a reliable dated deadline or clear application status.,yes,deadline_text=Check official page,low,"medium - recent official link check, deadline not parsed",official_link,curated,curated,afrotools-curated-backup,valid_https_official_link,the.akdn,https://the.akdn/en/what-we-do/developing-human-capacity/education/international-scholarships,https://the.akdn/en/what-we-do/developing-human-capacity/education/international-scholarships,2026-05-19T19:23:32.732Z,2026-05-19T19:23:32.732Z,
7999b82c-ddb9-4237-8860-8bcca1cf02f8,zonta-amelia-earhart-fellowship,Amelia Earhart Fellowship,Zonta International,global,phd,any,partial,unclear,,Check official page,source_needs_manual_review,Source needs manual review,Display Deadline unclear. The current data does not contain a reliable dated deadline or clear application status.,yes,deadline_text=Check official page,low,"medium - recent official link check, deadline not parsed",official_link,curated,curated,afrotools-curated-backup,valid_https_official_link,zonta.org,https://www.zonta.org/Web/Programs/Education/Amelia_Earhart_Fellowship,https://www.zonta.org/Web/Programs/Education/Amelia_Earhart_Fellowship,2026-05-19T19:23:32.732Z,2026-05-19T19:23:32.732Z,
5462b92d-ebce-4c0c-a1b0-2274b5b6f476,anu-chancellors-international-scholarship,ANU Chancellor's International Scholarship,Australian National University,australia,undergrad|masters,any,partial,unclear,,Check official page,source_needs_manual_review,Source needs manual review,Display Deadline unclear. The current data does not contain a reliable dated deadline or clear application status.,yes,deadline_text=Check official page,low,"medium - recent official link check, deadline not parsed",official_link,curated,curated,afrotools-curated-backup,valid_https_official_link,anu.edu.au,https://www.anu.edu.au/study/scholarships/find-a-scholarship/anu-chancellors-international-scholarship,https://www.anu.edu.au/study/scholarships/find-a-scholarship/anu-chancellors-international-scholarship,2026-05-19T19:23:32.732Z,2026-05-19T19:23:32.732Z,
e401a9ab-e573-4756-baf4-90014383480a,australia-awards-africa,Australia Awards Africa,Australian Government,australia,masters,law|any,full,unclear,,Check official page,source_needs_manual_review,Source needs manual review,Display Deadline unclear. The current data does not contain a reliable dated deadline or clear application status.,yes,deadline_text=Check official page,low,"medium - recent official link check, deadline not parsed",official_link,curated,curated,afrotools-curated-backup,valid_https_official_link,dfat.gov.au,https://www.dfat.gov.au/people-to-people/australia-awards,https://www.dfat.gov.au/people-to-people/australia-awards,2026-05-19T19:23:32.732Z,2026-05-19T19:23:32.732Z,
e378a46c-6471-41f6-ad07-ae8bd3f4c2bd,brunel-scholarships,Brunel University Scholarships,Brunel University London,uk,undergrad|masters|phd,any,partial,unclear,,Check official page,source_needs_manual_review,Source needs manual review,Display Deadline unclear. The current data does not contain a reliable dated deadline or clear application status.,yes,deadline_text=Check official page,low,"medium - recent official link check, deadline not parsed",official_link,curated,curated,afrotools-curated-backup,valid_https_official_link,brunel.ac.uk,https://www.brunel.ac.uk/scholarships,https://www.brunel.ac.uk/scholarships,2026-05-19T19:23:32.732Z,2026-05-19T19:23:32.732Z,
6ceabfa5-6dfc-4054-8750-6154a7b1353e,cambridge-mastercard-foundation-scholars,Cambridge Mastercard Foundation Scholars Program,University of Cambridge,uk,masters,any,full,unclear,,Check official page,source_needs_manual_review,Source needs manual review,Display Deadline unclear. The current data does not contain a reliable dated deadline or clear application status.,yes,deadline_text=Check official page,low,"medium - recent official link check, deadline not parsed",official_link,curated,curated,afrotools-curated-backup,valid_https_official_link,mastercardfoundation.fund.cam.ac.uk,https://www.mastercardfoundation.fund.cam.ac.uk/,https://www.mastercardfoundation.fund.cam.ac.uk/,2026-05-19T19:23:32.732Z,2026-05-19T19:23:32.732Z,
ac8c9562-9cdc-49ad-9e16-5c656407a8c4,cambridge-trust-scholarships,Cambridge Trust Scholarships,Cambridge Trust,uk,undergrad|masters|phd,any,partial,unclear,,Check official page,source_needs_manual_review,Source needs manual review,Display Deadline unclear. The current data does not contain a reliable dated deadline or clear application status.,yes,deadline_text=Check official page,low,"medium - recent official link check, deadline not parsed",official_link,curated,curated,afrotools-curated-backup,valid_https_official_link,cambridgetrust.org,https://www.cambridgetrust.org/scholarships/,https://www.cambridgetrust.org/scholarships/,2026-05-19T19:23:32.732Z,2026-05-19T19:23:32.732Z,
627f8164-3186-4fb7-8bd6-5a3b3e9664bb,campus-france-campusbourses,Campus France CampusBourses,Campus France,eu,undergrad|masters|phd,any,partial,unclear,,Check official page,source_needs_manual_review,Source needs manual review,Display Deadline unclear. The current data does not contain a reliable dated deadline or clear application status.,yes,deadline_text=Check official page,low,"medium - recent official link check, deadline not parsed",official_link,curated,curated,afrotools-curated-backup,valid_https_official_link,campusbourses.campusfrance.org,https://campusbourses.campusfrance.org/,https://campusbourses.campusfrance.org/,2026-05-19T19:23:32.732Z,2026-05-19T19:23:32.732Z,
092c6513-bd87-4e08-aaf9-2b9d2faef5f7,carleton-awards,Carleton Awards and Financial Aid,Carleton University,canada,undergrad|masters|phd,any,partial,unclear,,Check official page,source_needs_manual_review,Source needs manual review,Display Deadline unclear. The current data does not contain a reliable dated deadline or clear application status.,yes,deadline_text=Check official page,low,"medium - recent official link check, deadline not parsed",official_link,curated,curated,afrotools-curated-backup,valid_https_official_link,carleton.ca,https://carleton.ca/awards/,https://carleton.ca/awards/,2026-05-19T19:23:32.732Z,2026-05-19T19:23:32.732Z,
4d53d03e-5277-4539-9f68-249dc5a8750b,chalmers-scholarships,Chalmers Scholarships,Chalmers University of Technology,eu,masters,stem|any,partial,unclear,,Check official page,source_needs_manual_review,Source needs manual review,Display Deadline unclear. The current data does not contain a reliable dated deadline or clear application status.,yes,deadline_text=Check official page,low,"medium - recent official link check, deadline not parsed",official_link,curated,curated,afrotools-curated-backup,valid_https_official_link,chalmers.se,https://www.chalmers.se/en/education/fees-finance/scholarships/,https://www.chalmers.se/en/education/fees-finance/scholarships/,2026-05-19T19:23:32.732Z,2026-05-19T19:23:32.732Z,
fa3d4885-b0e8-494f-9878-5efc77d08b2b,warwick-chancellors-international-scholarship,Chancellor's International Scholarship,University of Warwick,uk,phd,any,full,unclear,,Check official page,source_needs_manual_review,Source needs manual review,Display Deadline unclear. The current data does not contain a reliable dated deadline or clear application status.,yes,deadline_text=Check official page,low,"medium - recent official link check, deadline not parsed",official_link,curated,curated,afrotools-curated-backup,valid_https_official_link,warwick.ac.uk,https://warwick.ac.uk/services/dc/schols_fund/scholarships_and_funding/chancellors_int,https://warwick.ac.uk/services/dc/schols_fund/scholarships_and_funding/chancellors_int,2026-05-19T19:23:32.732Z,2026-05-19T19:23:32.732Z,
7d1f82b9-997f-4098-9489-2cf7e3d675cc,sussex-chancellors-international-scholarships,Chancellor's International Scholarships,University of Sussex,uk,masters,any,partial,unclear,,Check official page,source_needs_manual_review,Source needs manual review,Display Deadline unclear. The current data does not contain a reliable dated deadline or clear application status.,yes,deadline_text=Check official page,low,"medium - recent official link check, deadline not parsed",official_link,curated,curated,afrotools-curated-backup,valid_https_official_link,sussex.ac.uk,https://www.sussex.ac.uk/study/fees-funding/masters-scholarships/view/1541-Chancellors-International-Scholarships,https://www.sussex.ac.uk/study/fees-funding/masters-scholarships/view/1541-Chancellors-International-Scholarships,2026-05-19T19:23:32.732Z,2026-05-19T19:23:32.732Z,
14352a23-2897-426b-af00-9ae03e674457,chevening-scholarship-uk-government-fcdo,Chevening Scholarship,UK Government (FCDO),uk,masters,any,full,unclear,,Nov (annual),annual_cycle_expected,Annual cycle expected,Show the month or cycle hint only as an estimated annual pattern. Do not calculate days left until a dated deadline is verified.,yes,deadline_text has a month or cycle hint but no year-specific deadline_date,low,"medium - recent official link check, deadline not parsed",official_link,curated,curated,afrotools-curated-backup,valid_https_official_link,chevening.org,https://www.chevening.org,https://www.chevening.org,2026-05-20T00:34:46.280Z,2026-05-20T00:34:46.280Z,
cd46be9f-d643-4f07-9229-fb232f02b93e,city-scholarships,City St George's Scholarships,City St George's University of London,uk,undergrad|masters,any,partial,unclear,,Check official page,source_needs_manual_review,Source needs manual review,Display Deadline unclear. The official link or source needs manual verification before any deadline or open status is shown.,yes,official_link_http_blocked,low,low - official URL needs manual HTTP review,official_link_http_blocked,curated,curated,afrotools-curated-backup,official_link_http_blocked,citystgeorges.ac.uk,https://www.citystgeorges.ac.uk/prospective-students/finance/scholarships,https://www.citystgeorges.ac.uk/prospective-students/finance/scholarships,2026-05-19T19:23:32.732Z,2026-05-19T19:23:32.732Z,
f88d79bb-b783-4f1b-ac33-80efad5bf63d,oxford-clarendon-scholarships,Clarendon Scholarships,University of Oxford,uk,masters|phd,any,full,unclear,,Check official page,source_needs_manual_review,Source needs manual review,Display Deadline unclear. The official link or source needs manual verification before any deadline or open status is shown.,yes,official_link_http_blocked,low,low - official URL needs manual HTTP review,official_link_http_blocked,curated,curated,afrotools-curated-backup,official_link_http_blocked,ox.ac.uk,https://www.ox.ac.uk/clarendon,https://www.ox.ac.uk/clarendon,2026-05-19T19:23:32.732Z,2026-05-19T19:23:32.732Z,
24821813-a502-4285-87fa-facfbc082c72,commonwealth-scholarship-commonwealth-secretariat,Commonwealth Scholarship,Commonwealth Secretariat,uk,masters|phd,any,full,unclear,,Dec,annual_cycle_expected,Annual cycle expected,Show the month or cycle hint only as an estimated annual pattern. Do not calculate days left until a dated deadline is verified.,yes,deadline_text has a month or cycle hint but no year-specific deadline_date,low,"medium - recent official link check, deadline not parsed",official_link,curated,curated,afrotools-curated-backup,valid_https_official_link,cscuk.fcdo.gov.uk,https://cscuk.fcdo.gov.uk,https://cscuk.fcdo.gov.uk,2026-05-20T00:34:46.281Z,2026-05-20T00:34:46.281Z,
454c7998-c51e-49ab-b0c3-b56bbeab3963,concordia-scholarships,Concordia Scholarships and Funding,Concordia University,canada,undergrad|masters|phd,any,partial,unclear,,Check official page,source_needs_manual_review,Source needs manual review,Display Deadline unclear. The current data does not contain a reliable dated deadline or clear application status.,yes,deadline_text=Check official page,low,"medium - recent official link check, deadline not parsed",official_link,curated,curated,afrotools-curated-backup,valid_https_official_link,concordia.ca,https://www.concordia.ca/students/financial/scholarships-funding.html,https://www.concordia.ca/students/financial/scholarships-funding.html,2026-05-19T19:23:32.732Z,2026-05-19T19:23:32.732Z,
00381b2d-dbbb-4c15-9a9b-d95fbaffb3da,curtin-scholarships,Curtin Scholarships,Curtin University,australia,undergrad|masters|phd,any,partial,unclear,,Check official page,source_needs_manual_review,Source needs manual review,Display Deadline unclear. The current data does not contain a reliable dated deadline or clear application status.,yes,deadline_text=Check official page,low,"medium - recent official link check, deadline not parsed",official_link,curated,curated,afrotools-curated-backup,valid_https_official_link,scholarships.curtin.edu.au,https://scholarships.curtin.edu.au/,https://scholarships.curtin.edu.au/,2026-05-19T19:23:32.732Z,2026-05-19T19:23:32.732Z,
45ae978a-6514-43c2-a9d5-90f5bf771caf,daad-scholarship-german-academic-exchange-service,DAAD Scholarship,German Academic Exchange Service,eu,masters|phd|postdoc,any,full,unclear,,Oct-Nov,annual_cycle_expected,Annual cycle expected,Show the month or cycle hint only as an estimated annual pattern. Do not calculate days left until a dated deadline is verified.,yes,deadline_text has a month or cycle hint but no year-specific deadline_date,low,"medium - recent official link check, deadline not parsed",official_link,curated,curated,afrotools-curated-backup,valid_https_official_link,daad.de,https://www.daad.de,https://www.daad.de,2026-05-20T00:34:46.280Z,2026-05-20T00:34:46.280Z,
f1429056-fcaa-4ead-8d72-a7ff77384c29,deutschlandstipendium,Deutschlandstipendium,Federal Ministry of Education and Research Germany,eu,undergrad|masters,any,partial,unclear,,Check official page,source_needs_manual_review,Source needs manual review,Display Deadline unclear. The current data does not contain a reliable dated deadline or clear application status.,yes,deadline_text=Check official page,low,"medium - recent official link check, deadline not parsed",official_link,curated,curated,afrotools-curated-backup,valid_https_official_link,deutschlandstipendium.de,https://www.deutschlandstipendium.de/de/english-1700.html,https://www.deutschlandstipendium.de/de/english-1700.html,2026-05-19T19:23:32.732Z,2026-05-19T19:23:32.732Z,
7af73bce-ad55-4677-ba83-e991651c88bc,durham-scholarships,Durham University Scholarships,Durham University,uk,undergrad|masters|phd,any,partial,unclear,,Check official page,source_needs_manual_review,Source needs manual review,Display Deadline unclear. The current data does not contain a reliable dated deadline or clear application status.,yes,deadline_text=Check official page,low,"medium - recent official link check, deadline not parsed",official_link,curated,curated,afrotools-curated-backup,valid_https_official_link,durham.ac.uk,https://www.durham.ac.uk/study/scholarships/,https://www.durham.ac.uk/study/scholarships/,2026-05-19T19:23:32.732Z,2026-05-19T19:23:32.732Z,
7dfbb592-f84c-4093-9d6b-fe42ce46e88a,educanada-scholarships,EduCanada Scholarships,Government of Canada,canada,undergrad|masters|phd|postdoc,law|any,partial,unclear,,Check official page,source_needs_manual_review,Source needs manual review,Display Deadline unclear. The current data does not contain a reliable dated deadline or clear application status.,yes,deadline_text=Check official page,low,"medium - recent official link check, deadline not parsed",official_link,curated,curated,afrotools-curated-backup,valid_https_official_link,educanada.ca,https://www.educanada.ca/scholarships-bourses/index.aspx,https://www.educanada.ca/scholarships-bourses/index.aspx,2026-05-19T19:23:32.732Z,2026-05-19T19:23:32.732Z,
82882727-06ab-47ea-844b-374519bac6d2,eiffel-excellence-scholarship,Eiffel Excellence Scholarship Program,Campus France,eu,masters|phd,any,full,unclear,,Check official page,source_needs_manual_review,Source needs manual review,Display Deadline unclear. The current data does not contain a reliable dated deadline or clear application status.,yes,deadline_text=Check official page,low,"medium - recent official link check, deadline not parsed",official_link,curated,curated,afrotools-curated-backup,valid_https_official_link,campusfrance.org,https://www.campusfrance.org/en/eiffel-scholarship-program-of-excellence,https://www.campusfrance.org/en/eiffel-scholarship-program-of-excellence,2026-05-19T19:23:32.732Z,2026-05-19T19:23:32.732Z,
9be04a7f-7a1f-4d73-aad0-8699a9eefff6,sciences-po-emile-boutmy-scholarship,Emile Boutmy Scholarship,Sciences Po,eu,undergrad|masters,stem|any,partial,unclear,,Check official page,source_needs_manual_review,Source needs manual review,Display Deadline unclear. The current data does not contain a reliable dated deadline or clear application status.,yes,deadline_text=Check official page,low,"medium - recent official link check, deadline not parsed",official_link,curated,curated,afrotools-curated-backup,valid_https_official_link,sciencespo.fr,https://www.sciencespo.fr/students/en/fees-funding/bursaries-financial-aid/emile-boutmy-scholarship/,https://www.sciencespo.fr/students/en/fees-funding/bursaries-financial-aid/emile-boutmy-scholarship/,2026-05-19T19:23:32.732Z,2026-05-19T19:23:32.732Z,
ed6dafcf-5212-4bf6-b59c-dcf1244252f6,ens-international-selection,ENS International Selection,Ecole Normale Superieure,eu,masters,any,full,unclear,,Check official page,source_needs_manual_review,Source needs manual review,Display Deadline unclear. The current data does not contain a reliable dated deadline or clear application status.,yes,deadline_text=Check official page,low,"medium - recent official link check, deadline not parsed",official_link,curated,curated,afrotools-curated-backup,valid_https_official_link,ens.psl.eu,https://www.ens.psl.eu/en/academics/admissions/international-selection,https://www.ens.psl.eu/en/academics/admissions/international-selection,2026-05-19T19:23:32.732Z,2026-05-19T19:23:32.732Z,
6c8c6cf1-a0a0-4b3e-b425-071cd74d8d83,epfl-excellence-fellowships,EPFL Excellence Fellowships,EPFL,eu,masters,stem|any,partial,unclear,,Check official page,source_needs_manual_review,Source needs manual review,Display Deadline unclear. The current data does not contain a reliable dated deadline or clear application status.,yes,deadline_text=Check official page,low,"medium - recent official link check, deadline not parsed",official_link,curated,curated,afrotools-curated-backup,valid_https_official_link,epfl.ch,https://www.epfl.ch/education/master/master-excellence-fellowships/,https://www.epfl.ch/education/master/master-excellence-fellowships/,2026-05-19T19:23:32.732Z,2026-05-19T19:23:32.732Z,
252664fe-1cbe-47a6-a580-be37fc246ef6,erasmus-mundus-joint-masters-european-commission,Erasmus Mundus Joint Masters,European Commission,eu,masters,stem|arts|any,full,unclear,,Jan-Feb,annual_cycle_expected,Annual cycle expected,Show the month or cycle hint only as an estimated annual pattern. Do not calculate days left until a dated deadline is verified.,yes,deadline_text has a month or cycle hint but no year-specific deadline_date,low,"medium - recent official link check, deadline not parsed",official_link,curated,curated,afrotools-curated-backup,valid_https_official_link,eacea.ec.europa.eu,https://www.eacea.ec.europa.eu/scholarships/erasmus-mundus,https://www.eacea.ec.europa.eu/scholarships/erasmus-mundus,2026-05-20T00:34:46.280Z,2026-05-20T00:34:46.280Z,
ac8c85d5-3b81-4e21-a885-7819b115f21a,erasmus-rotterdam-scholarships,Erasmus University Rotterdam Scholarships,Erasmus University Rotterdam,eu,undergrad|masters|phd,any,partial,unclear,,Check official page,source_needs_manual_review,Source needs manual review,Display Deadline unclear. The current data does not contain a reliable dated deadline or clear application status.,yes,deadline_text=Check official page,low,"medium - recent official link check, deadline not parsed",official_link,curated,curated,afrotools-curated-backup,valid_https_official_link,eur.nl,https://www.eur.nl/en/education/practical-matters/financial-matters/scholarships-grants,https://www.eur.nl/en/education/practical-matters/financial-matters/scholarships-grants,2026-05-19T19:23:32.732Z,2026-05-19T19:23:32.732Z,
6431e348-8550-42db-81f6-b037217fb6d0,eth-excellence-scholarship,ETH Zurich Excellence Scholarship and Opportunity Programme,ETH Zurich,eu,masters,stem|any,full,unclear,,Check official page,source_needs_manual_review,Source needs manual review,Display Deadline unclear. The current data does not contain a reliable dated deadline or clear application status.,yes,deadline_text=Check official page,low,"medium - recent official link check, deadline not parsed",official_link,curated,curated,afrotools-curated-backup,valid_https_official_link,ethz.ch,https://ethz.ch/students/en/studies/financial/scholarships/excellencescholarship.html,https://ethz.ch/students/en/studies/financial/scholarships/excellencescholarship.html,2026-05-19T19:23:32.732Z,2026-05-19T19:23:32.732Z,
91036d37-7623-4159-81b7-ec5acb24d11c,flinders-scholarships,Flinders Scholarships,Flinders University,australia,undergrad|masters|phd,any,partial,unclear,,Check official page,source_needs_manual_review,Source needs manual review,Display Deadline unclear. The current data does not contain a reliable dated deadline or clear application status.,yes,deadline_text=Check official page,low,"medium - recent official link check, deadline not parsed",official_link,curated,curated,afrotools-curated-backup,valid_https_official_link,flinders.edu.au,https://www.flinders.edu.au/scholarships,https://www.flinders.edu.au/scholarships,2026-05-19T19:23:32.732Z,2026-05-19T19:23:32.732Z,
659d8c97-f0cf-4e30-881a-5eb5e660a640,fulbright-foreign-student-program-us-department-of-state,Fulbright Foreign Student Program,US Department of State,us,masters|phd,any,full,unclear,,Feb-Oct,annual_cycle_expected,Annual cycle expected,Show the month or cycle hint only as an estimated annual pattern. Do not calculate days left until a dated deadline is verified.,yes,deadline_text has a month or cycle hint but no year-specific deadline_date,low,"medium - recent official link check, deadline not parsed",official_link,curated,curated,afrotools-curated-backup,valid_https_official_link,foreign.fulbrightonline.org,https://foreign.fulbrightonline.org,https://foreign.fulbrightonline.org,2026-05-20T00:34:46.280Z,2026-05-20T00:34:46.280Z,
3121ca5c-cde6-41c9-961d-ffb3af184e94,gates-cambridge-scholarship-gates-foundation,Gates Cambridge Scholarship,Gates Foundation,uk,masters|phd,any,full,unclear,,Oct-Dec,annual_cycle_expected,Annual cycle expected,Show the month or cycle hint only as an estimated annual pattern. Do not calculate days left until a dated deadline is verified.,yes,deadline_text has a month or cycle hint but no year-specific deadline_date,low,"medium - recent official link check, deadline not parsed",official_link,curated,curated,afrotools-curated-backup,valid_https_official_link,gatescambridge.org,https://www.gatescambridge.org,https://www.gatescambridge.org,2026-05-20T00:34:46.280Z,2026-05-20T00:34:46.280Z,
f4137669-2c06-46ae-9579-9c8b7d69763d,ghana-scholarships-secretariat,Ghana Scholarships Secretariat,Government of Ghana,africa,undergrad|masters|phd,law|any,partial,unclear,,Check official page,source_needs_manual_review,Source needs manual review,Display Deadline unclear. The current data does not contain a reliable dated deadline or clear application status.,yes,deadline_text=Check official page,low,"medium - recent official link check, deadline not parsed",official_link,curated,curated,afrotools-curated-backup,valid_https_official_link,scholarships.gov.gh,https://www.scholarships.gov.gh/,https://www.scholarships.gov.gh/,2026-05-19T19:23:32.732Z,2026-05-19T19:23:32.732Z,
781ffeb1-e3f2-4e49-b593-09a6358cabb4,goldsmiths-scholarships,Goldsmiths Scholarships,Goldsmiths University of London,uk,undergrad|masters|phd,any,partial,unclear,,Check official page,source_needs_manual_review,Source needs manual review,Display Deadline unclear. The current data does not contain a reliable dated deadline or clear application status.,yes,deadline_text=Check official page,low,"medium - recent official link check, deadline not parsed",official_link,curated,curated,afrotools-curated-backup,valid_https_official_link,gold.ac.uk,https://www.gold.ac.uk/fees-funding/scholarships/,https://www.gold.ac.uk/fees-funding/scholarships/,2026-05-19T19:23:32.732Z,2026-05-19T19:23:32.732Z,
26a06314-06fd-4c40-8b02-fe726a5c18e0,melbourne-graduate-research-scholarships,Graduate Research Scholarships,University of Melbourne,australia,masters|phd,any,full,unclear,,Check official page,source_needs_manual_review,Source needs manual review,Display Deadline unclear. The official link or source needs manual verification before any deadline or open status is shown.,yes,official_link_http_blocked,low,low - official URL needs manual HTTP review,official_link_http_blocked,curated,curated,afrotools-curated-backup,official_link_http_blocked,scholarships.unimelb.edu.au,https://scholarships.unimelb.edu.au/awards/graduate-research-scholarships,https://scholarships.unimelb.edu.au/awards/graduate-research-scholarships,2026-05-19T19:23:32.732Z,2026-05-19T19:23:32.732Z,
c04fb039-ac7b-4ec8-a123-fa24d71ee2b6,heinrich-boll-foundation-scholarships,Heinrich Boll Foundation Scholarships,Heinrich Boll Foundation,eu,undergrad|masters|phd,any,partial,unclear,,Check official page,source_needs_manual_review,Source needs manual review,Display Deadline unclear. The current data does not contain a reliable dated deadline or clear application status.,yes,deadline_text=Check official page,low,"medium - recent official link check, deadline not parsed",official_link,curated,curated,afrotools-curated-backup,valid_https_official_link,boell.de,https://www.boell.de/en/scholarships,https://www.boell.de/en/scholarships,2026-05-19T19:23:32.732Z,2026-05-19T19:23:32.732Z,
ecb4555d-4133-4ce3-bd33-8e2a29e11384,hungarian-government-scholarship-tempus-public-foundation,Hungarian Government Scholarship,Tempus Public Foundation,eu,undergrad|masters|phd,any,full,unclear,,Jan,annual_cycle_expected,Annual cycle expected,Show the month or cycle hint only as an estimated annual pattern. Do not calculate days left until a dated deadline is verified.,yes,deadline_text has a month or cycle hint but no year-specific deadline_date,low,"medium - recent official link check, deadline not parsed",official_link,curated,curated,afrotools-curated-backup,valid_https_official_link,stipendiumhungaricum.hu,https://stipendiumhungaricum.hu,https://stipendiumhungaricum.hu,2026-05-20T00:34:46.281Z,2026-05-20T00:34:46.281Z,
842ecc95-8bc1-4601-b63b-4f574870d7ac,ie-university-scholarships,IE University Scholarships,IE University,eu,undergrad|masters,any,partial,unclear,,Check official page,source_needs_manual_review,Source needs manual review,Display Deadline unclear. The current data does not contain a reliable dated deadline or clear application status.,yes,deadline_text=Check official page,low,"medium - recent official link check, deadline not parsed",official_link,curated,curated,afrotools-curated-backup,valid_https_official_link,ie.edu,https://www.ie.edu/financial-aid/scholarships/,https://www.ie.edu/financial-aid/scholarships/,2026-05-19T19:23:32.732Z,2026-05-19T19:23:32.732Z,
c72dd1f7-2505-45ae-8af1-f824c52da744,sheffield-international-undergraduate-merit,International Undergraduate Merit Scholarship,University of Sheffield,uk,undergrad,any,partial,unclear,,Check official page,source_needs_manual_review,Source needs manual review,Display Deadline unclear. The current data does not contain a reliable dated deadline or clear application status.,yes,deadline_text=Check official page,low,"medium - recent official link check, deadline not parsed",official_link,curated,curated,afrotools-curated-backup,valid_https_official_link,sheffield.ac.uk,https://www.sheffield.ac.uk/international/fees-and-funding/scholarships/undergraduate/international-undergraduate-merit-scholarship,https://www.sheffield.ac.uk/international/fees-and-funding/scholarships/undergraduate/international-undergraduate-merit-scholarship,2026-05-19T19:23:32.732Z,2026-05-19T19:23:32.732Z,
d07a5cdf-5133-4869-a3b8-353bcb434b95,ireland-fellows-programme,Ireland Fellows Programme,Irish Aid,eu,masters,any,full,unclear,,Check official page,source_needs_manual_review,Source needs manual review,Display Deadline unclear. The current data does not contain a reliable dated deadline or clear application status.,yes,deadline_text=Check official page,low,"medium - recent official link check, deadline not parsed",official_link,curated,curated,afrotools-curated-backup,valid_https_official_link,irishaidfellowships.ie,https://www.irishaidfellowships.ie/,https://www.irishaidfellowships.ie/,2026-05-19T19:23:32.732Z,2026-05-19T19:23:32.732Z,
5d85443b-e491-4f8f-a0b4-a35175f8c407,isdb-scholarships,IsDB Scholarship Programmes,Islamic Development Bank,global,undergrad|masters|phd|postdoc,agric|development|any,full,unclear,,Check official page,source_needs_manual_review,Source needs manual review,Display Deadline unclear. The current data does not contain a reliable dated deadline or clear application status.,yes,deadline_text=Check official page,low,"medium - recent official link check, deadline not parsed",official_link,curated,curated,afrotools-curated-backup,valid_https_official_link,isdb.org,https://www.isdb.org/scholarships,https://www.isdb.org/scholarships,2026-05-19T19:23:32.732Z,2026-05-19T19:23:32.732Z,
8b9435f4-f903-48c5-af7f-6776725995fa,joint-japan-imf-scholarship,Joint Japan/IMF Scholarship Program,International Monetary Fund,global,masters,any,full,unclear,,Check official page,source_needs_manual_review,Source needs manual review,Display Deadline unclear. The current data does not contain a reliable dated deadline or clear application status.,yes,deadline_text=Check official page,low,"medium - recent official link check, deadline not parsed",official_link,curated,curated,afrotools-curated-backup,valid_https_official_link,imf.org,https://www.imf.org/en/About/Factsheets/Sheets/2023/Joint-Japan-IMF-Scholarship-Program,https://www.imf.org/en/About/Factsheets/Sheets/2023/Joint-Japan-IMF-Scholarship-Program,2026-05-19T19:23:32.732Z,2026-05-19T19:23:32.732Z,
afa7e098-c635-4a4b-9c75-c607ab239223,knight-hennessy-scholars,Knight-Hennessy Scholars,Stanford University,us,masters|phd,any,full,unclear,,Check official page,source_needs_manual_review,Source needs manual review,Display Deadline unclear. The current data does not contain a reliable dated deadline or clear application status.,yes,deadline_text=Check official page,low,"medium - recent official link check, deadline not parsed",official_link,curated,curated,afrotools-curated-backup,valid_https_official_link,knight-hennessy.stanford.edu,https://knight-hennessy.stanford.edu/,https://knight-hennessy.stanford.edu/,2026-05-19T19:23:32.732Z,2026-05-19T19:23:32.732Z,
9faac541-08f3-4557-83b8-94f54a22d605,leiden-excellence-scholarship,Leiden University Excellence Scholarship,Leiden University,eu,masters,any,partial,unclear,,Check official page,source_needs_manual_review,Source needs manual review,Display Deadline unclear. The current data does not contain a reliable dated deadline or clear application status.,yes,deadline_text=Check official page,low,"medium - recent official link check, deadline not parsed",official_link,curated,curated,afrotools-curated-backup,valid_https_official_link,universiteitleiden.nl,https://www.universiteitleiden.nl/en/scholarships/sea/leiden-university-excellence-scholarship-lexs,https://www.universiteitleiden.nl/en/scholarships/sea/leiden-university-excellence-scholarship-lexs,2026-05-19T19:23:32.732Z,2026-05-19T19:23:32.732Z,
f33f1dff-c0c3-43c4-8eeb-bbcecd7331d0,toronto-lester-b-pearson-scholarship,Lester B. Pearson International Scholarship,University of Toronto,canada,undergrad,any,full,unclear,,Check official page,source_needs_manual_review,Source needs manual review,Display Deadline unclear. The current data does not contain a reliable dated deadline or clear application status.,yes,deadline_text=Check official page,low,"medium - recent official link check, deadline not parsed",official_link,curated,curated,afrotools-curated-backup,valid_https_official_link,future.utoronto.ca,https://future.utoronto.ca/pearson/about/,https://future.utoronto.ca/pearson/about/,2026-05-19T19:23:32.732Z,2026-05-19T19:23:32.732Z,
7d5380db-5da7-4ab9-9816-2f055162b3ee,lse-graduate-support-scheme,LSE Graduate Support Scheme,London School of Economics,uk,masters,business|any,partial,unclear,,Check official page,source_needs_manual_review,Source needs manual review,Display Deadline unclear. The current data does not contain a reliable dated deadline or clear application status.,yes,deadline_text=Check official page,low,"medium - recent official link check, deadline not parsed",official_link,curated,curated,afrotools-curated-backup,valid_https_official_link,lse.ac.uk,https://www.lse.ac.uk/study-at-lse/Graduate/fees-and-funding/graduate-support-scheme,https://www.lse.ac.uk/study-at-lse/Graduate/fees-and-funding/graduate-support-scheme,2026-05-19T19:23:32.732Z,2026-05-19T19:23:32.732Z,
90ee91b9-26d9-4df5-897d-5dd77b89ed09,manaaki-new-zealand-scholarships,Manaaki New Zealand Scholarships,New Zealand Ministry of Foreign Affairs and Trade,global,undergrad|masters|phd,any,full,unclear,,Check official page,source_needs_manual_review,Source needs manual review,Display Deadline unclear. The current data does not contain a reliable dated deadline or clear application status.,yes,deadline_text=Check official page,low,"medium - recent official link check, deadline not parsed",official_link,curated,curated,afrotools-curated-backup,valid_https_official_link,nzscholarships.govt.nz,https://www.nzscholarships.govt.nz/,https://www.nzscholarships.govt.nz/,2026-05-19T19:23:32.732Z,2026-05-19T19:23:32.732Z,
db007c3b-9356-49bd-acde-df180e7eaae9,mandela-rhodes-scholarship,Mandela Rhodes Scholarship,Mandela Rhodes Foundation,africa,masters,any,full,unclear,,Check official page,source_needs_manual_review,Source needs manual review,Display Deadline unclear. The current data does not contain a reliable dated deadline or clear application status.,yes,deadline_text=Check official page,low,"medium - recent official link check, deadline not parsed",official_link,curated,curated,afrotools-curated-backup,valid_https_official_link,mandelarhodes.org,https://mandelarhodes.org/scholarship/,https://mandelarhodes.org/scholarship/,2026-05-19T19:23:32.732Z,2026-05-19T19:23:32.732Z,
9f31c478-3857-4ad5-9306-f7ed463c2d28,margaret-mcnamara-education-grants,Margaret McNamara Education Grants,MMEG,global,undergrad|masters|phd,any,partial,unclear,,Check official page,source_needs_manual_review,Source needs manual review,Display Deadline unclear. The current data does not contain a reliable dated deadline or clear application status.,yes,deadline_text=Check official page,low,"medium - recent official link check, deadline not parsed",official_link,curated,curated,afrotools-curated-backup,valid_https_official_link,mmeg.org,https://www.mmeg.org/,https://www.mmeg.org/,2026-05-19T19:23:32.732Z,2026-05-19T19:23:32.732Z,
cd026bfb-83bf-440f-aae3-5a26104d7e2e,mastercard-foundation-scholars-mastercard-foundation,Mastercard Foundation Scholars,Mastercard Foundation,global,undergrad|masters,any,full,unclear,,Varies,source_needs_manual_review,Source needs manual review,Display Deadline unclear. The current data does not contain a reliable dated deadline or clear application status.,yes,deadline_text=Varies,low,"medium - recent official link check, deadline not parsed",official_link,curated,curated,afrotools-curated-backup,valid_https_official_link,mastercardfdn.org,https://mastercardfdn.org/all/scholars,https://mastercardfdn.org/all/scholars,2026-05-20T00:34:46.280Z,2026-05-20T00:34:46.280Z,
f5a86c73-6188-4ce3-a40d-23b7c8b33cc7,mcgill-entrance-scholarships,McGill Entrance Scholarships,McGill University,canada,undergrad,any,partial,unclear,,Check official page,source_needs_manual_review,Source needs manual review,Display Deadline unclear. The current data does not contain a reliable dated deadline or clear application status.,yes,deadline_text=Check official page,low,"medium - recent official link check, deadline not parsed",official_link,curated,curated,afrotools-curated-backup,valid_https_official_link,mcgill.ca,https://www.mcgill.ca/studentaid/scholarships-aid/future-undergrads/entrance-scholarships,https://www.mcgill.ca/studentaid/scholarships-aid/future-undergrads/entrance-scholarships,2026-05-19T19:23:32.732Z,2026-05-19T19:23:32.732Z,
93064862-bd81-4ced-82eb-7dd325e62825,mcgill-mastercard-foundation-scholars,McGill Mastercard Foundation Scholars Program,McGill University,canada,masters,any,full,unclear,,Check official page,source_needs_manual_review,Source needs manual review,Display Deadline unclear. The current data does not contain a reliable dated deadline or clear application status.,yes,deadline_text=Check official page,low,"medium - recent official link check, deadline not parsed",official_link,curated,curated,afrotools-curated-backup,valid_https_official_link,mcgill.ca,https://www.mcgill.ca/mastercardfdn-scholars/,https://www.mcgill.ca/mastercardfdn-scholars/,2026-05-19T19:23:32.732Z,2026-05-19T19:23:32.732Z,
c451ca28-e12d-46da-a0ea-73279944ed49,mext-scholarships,MEXT Scholarships,Government of Japan,global,undergrad|masters|phd,stem|any,full,unclear,,Check official page,source_needs_manual_review,Source needs manual review,Display Deadline unclear. The current data does not contain a reliable dated deadline or clear application status.,yes,deadline_text=Check official page,low,"medium - recent official link check, deadline not parsed",official_link,curated,curated,afrotools-curated-backup,valid_https_official_link,studyinjapan.go.jp,https://www.studyinjapan.go.jp/en/planning/scholarships/mext-scholarships/,https://www.studyinjapan.go.jp/en/planning/scholarships/mext-scholarships/,2026-05-19T19:23:32.732Z,2026-05-19T19:23:32.732Z,
5400bf69-d5b3-4741-b8bb-86901d868749,middlesex-scholarships,Middlesex University Scholarships,Middlesex University,uk,undergrad|masters,any,partial,unclear,,Check official page,source_needs_manual_review,Source needs manual review,Display Deadline unclear. The current data does not contain a reliable dated deadline or clear application status.,yes,deadline_text=Check official page,low,"medium - recent official link check, deadline not parsed",official_link,curated,curated,afrotools-curated-backup,valid_https_official_link,mdx.ac.uk,https://www.mdx.ac.uk/study-with-us/fees-and-funding/scholarships/,https://www.mdx.ac.uk/study-with-us/fees-and-funding/scholarships/,2026-05-19T19:23:32.732Z,2026-05-19T19:23:32.732Z,
5ededd3f-1c1d-4caa-8144-9ea13f1d5ce6,mit-scholarships,MIT Scholarships,Massachusetts Institute of Technology,us,undergrad,stem|any,partial,unclear,,Check official page,source_needs_manual_review,Source needs manual review,Display Deadline unclear. The current data does not contain a reliable dated deadline or clear application status.,yes,deadline_text=Check official page,low,"medium - recent official link check, deadline not parsed",official_link,curated,curated,afrotools-curated-backup,valid_https_official_link,sfs.mit.edu,https://sfs.mit.edu/undergraduate-students/types-of-aid/mit-scholarship/,https://sfs.mit.edu/undergraduate-students/types-of-aid/mit-scholarship/,2026-05-19T19:23:32.732Z,2026-05-19T19:23:32.732Z,
9a24829a-8b47-40a6-95ca-ddeb276a2b5f,mo-ibrahim-foundation-fellowships,Mo Ibrahim Foundation Fellowships,Mo Ibrahim Foundation,africa,masters|phd|postdoc,law|any,full,unclear,,Check official page,source_needs_manual_review,Source needs manual review,Display Deadline unclear. The current data does not contain a reliable dated deadline or clear application status.,yes,deadline_text=Check official page,low,"medium - recent official link check, deadline not parsed",official_link,curated,curated,afrotools-curated-backup,valid_https_official_link,mo.ibrahim.foundation,https://mo.ibrahim.foundation/fellowships,https://mo.ibrahim.foundation/fellowships,2026-05-19T19:23:32.732Z,2026-05-19T19:23:32.732Z,
659e79ad-11a2-4c63-8ac5-f43779eb835e,monash-international-merit-scholarship,Monash International Merit Scholarship,Monash University,australia,undergrad|masters,any,partial,unclear,,Check official page,source_needs_manual_review,Source needs manual review,Display Deadline unclear. The official link or source needs manual verification before any deadline or open status is shown.,yes,official_link_http_blocked,low,low - official URL needs manual HTTP review,official_link_http_blocked,curated,curated,afrotools-curated-backup,official_link_http_blocked,monash.edu,https://www.monash.edu/study/fees-scholarships/scholarships/find-a-scholarship/monash-international-merit-scholarship-5770,https://www.monash.edu/study/fees-scholarships/scholarships/find-a-scholarship/monash-international-merit-scholarship-5770,2026-05-19T19:23:32.732Z,2026-05-19T19:23:32.732Z,
c10b814b-117d-42a4-b2e4-fc68ca3a5f05,mtn-foundation-scholarship,MTN Foundation Scholarship,MTN Nigeria Foundation,africa,undergrad,any,partial,unclear,,Check official page,source_needs_manual_review,Source needs manual review,Display Deadline unclear. The current data does not contain a reliable dated deadline or clear application status.,yes,deadline_text=Check official page,low,"medium - recent official link check, deadline not parsed",official_link,curated,curated,afrotools-curated-backup,valid_https_official_link,mtn.ng,https://www.mtn.ng/scholarships/,https://www.mtn.ng/scholarships/,2026-05-19T19:23:32.732Z,2026-05-19T19:23:32.732Z,
e5359f4a-273d-4dd1-a383-92702e4d0230,nigeria-federal-scholarship-board,Nigeria Federal Scholarship Board Awards,Federal Scholarship Board Nigeria,africa,undergrad|masters|phd,any,partial,unclear,,Check official page,source_needs_manual_review,Source needs manual review,Display Deadline unclear. The current data does not contain a reliable dated deadline or clear application status.,yes,deadline_text=Check official page,low,"medium - recent official link check, deadline not parsed",official_link,curated,curated,afrotools-curated-backup,valid_https_official_link,fsbn.com.ng,https://fsbn.com.ng/,https://fsbn.com.ng/,2026-05-19T19:23:32.732Z,2026-05-19T19:23:32.732Z,
d9ccae79-41bf-4c1e-bb1e-0262e832cbfa,owsd-phd-fellowship,OWSD PhD Fellowship,Organization for Women in Science for the Developing World,global,phd,stem|any,full,unclear,,Check official page,source_needs_manual_review,Source needs manual review,Display Deadline unclear. The current data does not contain a reliable dated deadline or clear application status.,yes,deadline_text=Check official page,low,"medium - recent official link check, deadline not parsed",official_link,curated,curated,afrotools-curated-backup,valid_https_official_link,owsd.net,https://owsd.net/career-development/phd-fellowship,https://owsd.net/career-development/phd-fellowship,2026-05-19T19:23:32.732Z,2026-05-19T19:23:32.732Z,
14d6261b-ad8f-45e0-abdd-c63f817df3e3,pan-african-university-scholarships,Pan African University Scholarships,African Union,africa,masters|phd,any,full,unclear,,Check official page,source_needs_manual_review,Source needs manual review,Display Deadline unclear. The current data does not contain a reliable dated deadline or clear application status.,yes,deadline_text=Check official page,low,"medium - recent official link check, deadline not parsed",official_link,curated,curated,afrotools-curated-backup,valid_https_official_link,au-pau.org,https://www.au-pau.org/,https://www.au-pau.org/,2026-05-19T19:23:32.732Z,2026-05-19T19:23:32.732Z,
2c06c780-c652-4724-94b3-6391e7b0e25b,polimi-scholarships,Politecnico di Milano Scholarships,Politecnico di Milano,eu,masters,any,partial,unclear,,Check official page,source_needs_manual_review,Source needs manual review,Display Deadline unclear. The current data does not contain a reliable dated deadline or clear application status.,yes,deadline_text=Check official page,low,"medium - recent official link check, deadline not parsed",official_link,curated,curated,afrotools-curated-backup,valid_https_official_link,polimi.it,https://www.polimi.it/en/international-prospective-students/laurea-magistrale-programmes-equivalent-to-master-of-science/scholarships,https://www.polimi.it/en/international-prospective-students/laurea-magistrale-programmes-equivalent-to-master-of-science/scholarships,2026-05-19T19:23:32.732Z,2026-05-19T19:23:32.732Z,
0eda8686-71e3-4750-b7b8-65ae300a3e55,queen-mary-scholarships,Queen Mary Scholarships,Queen Mary University of London,uk,undergrad|masters|phd,any,partial,unclear,,Check official page,source_needs_manual_review,Source needs manual review,Display Deadline unclear. The current data does not contain a reliable dated deadline or clear application status.,yes,deadline_text=Check official page,low,"medium - recent official link check, deadline not parsed",official_link,curated,curated,afrotools-curated-backup,valid_https_official_link,qmul.ac.uk,https://www.qmul.ac.uk/scholarships/,https://www.qmul.ac.uk/scholarships/,2026-05-19T19:23:32.732Z,2026-05-19T19:23:32.732Z,
3b3ed8c8-c1dd-40bf-be14-93ba35db7201,radboud-scholarship-programme,Radboud Scholarship Programme,Radboud University,eu,masters,any,partial,unclear,,Check official page,source_needs_manual_review,Source needs manual review,Display Deadline unclear. The current data does not contain a reliable dated deadline or clear application status.,yes,deadline_text=Check official page,low,"medium - recent official link check, deadline not parsed",official_link,curated,curated,afrotools-curated-backup,valid_https_official_link,ru.nl,https://www.ru.nl/en/education/scholarships/radboud-scholarship-programme,https://www.ru.nl/en/education/scholarships/radboud-scholarship-programme,2026-05-19T19:23:32.732Z,2026-05-19T19:23:32.732Z,
7fdfb2c8-4a3e-4cb6-baea-adc7b6f8f4b8,reach-oxford-scholarship,Reach Oxford Scholarship,University of Oxford,uk,undergrad,any,full,unclear,,Check official page,source_needs_manual_review,Source needs manual review,Display Deadline unclear. The official link or source needs manual verification before any deadline or open status is shown.,yes,official_link_http_blocked,low,low - official URL needs manual HTTP review,official_link_http_blocked,curated,curated,afrotools-curated-backup,official_link_http_blocked,ox.ac.uk,https://www.ox.ac.uk/admissions/undergraduate/fees-and-funding/oxford-support/reach-oxford-scholarship,https://www.ox.ac.uk/admissions/undergraduate/fees-and-funding/oxford-support/reach-oxford-scholarship,2026-05-19T19:23:32.732Z,2026-05-19T19:23:32.732Z,
247c359a-0ca9-445e-b2c6-948045107ce1,rhodes-scholarship-rhodes-trust,Rhodes Scholarship,Rhodes Trust,uk,masters|phd,any,full,unclear,,Jul-Oct,annual_cycle_expected,Annual cycle expected,Show the month or cycle hint only as an estimated annual pattern. Do not calculate days left until a dated deadline is verified.,yes,deadline_text has a month or cycle hint but no year-specific deadline_date,low,"medium - recent official link check, deadline not parsed",official_link,curated,curated,afrotools-curated-backup,valid_https_official_link,rhodeshouse.ox.ac.uk,https://www.rhodeshouse.ox.ac.uk,https://www.rhodeshouse.ox.ac.uk,2026-05-20T00:34:46.280Z,2026-05-20T00:34:46.280Z,
55babc35-1f24-43dd-8927-ef8dcbc7c332,rmit-international-scholarships,RMIT International Scholarships,RMIT University,australia,undergrad|masters|phd,any,partial,unclear,,Check official page,source_needs_manual_review,Source needs manual review,Display Deadline unclear. The current data does not contain a reliable dated deadline or clear application status.,yes,deadline_text=Check official page,low,"medium - recent official link check, deadline not parsed",official_link,curated,curated,afrotools-curated-backup,valid_https_official_link,rmit.edu.au,https://www.rmit.edu.au/study-with-us/international-students/apply-to-rmit-international-students/fees-and-scholarships/scholarships,https://www.rmit.edu.au/study-with-us/international-students/apply-to-rmit-international-students/fees-and-scholarships/scholarships,2026-05-19T19:23:32.732Z,2026-05-19T19:23:32.732Z,
cff28715-e16d-430a-ab29-3d42808eed95,rosa-luxemburg-foundation-scholarships,Rosa Luxemburg Foundation Scholarships,Rosa Luxemburg Foundation,eu,masters|phd,any,partial,unclear,,Check official page,source_needs_manual_review,Source needs manual review,Display Deadline unclear. The current data does not contain a reliable dated deadline or clear application status.,yes,deadline_text=Check official page,low,"medium - recent official link check, deadline not parsed",official_link,curated,curated,afrotools-curated-backup,valid_https_official_link,rosalux.de,https://www.rosalux.de/en/foundation/studienwerk,https://www.rosalux.de/en/foundation/studienwerk,2026-05-19T19:23:32.732Z,2026-05-19T19:23:32.732Z,
3e2f6aff-003b-4a86-bd7d-1fcfd32d66b8,rotary-peace-fellowships,Rotary Peace Fellowships,Rotary International,global,masters,law|any,full,unclear,,Check official page,source_needs_manual_review,Source needs manual review,Display Deadline unclear. The current data does not contain a reliable dated deadline or clear application status.,yes,deadline_text=Check official page,low,"medium - recent official link check, deadline not parsed",official_link,curated,curated,afrotools-curated-backup,valid_https_official_link,rotary.org,https://www.rotary.org/en/our-programs/peace-fellowships,https://www.rotary.org/en/our-programs/peace-fellowships,2026-05-19T19:23:32.732Z,2026-05-19T19:23:32.732Z,
bf759cfc-4b85-481e-8d1d-f273798d6562,royal-holloway-scholarships,Royal Holloway Scholarships,Royal Holloway University of London,uk,undergrad|masters|phd,any,partial,unclear,,Check official page,source_needs_manual_review,Source needs manual review,Display Deadline unclear. The current data does not contain a reliable dated deadline or clear application status.,yes,deadline_text=Check official page,low,"medium - recent official link check, deadline not parsed",official_link,curated,curated,afrotools-curated-backup,valid_https_official_link,royalholloway.ac.uk,https://www.royalholloway.ac.uk/studying-here/fees-and-funding/scholarships/,https://www.royalholloway.ac.uk/studying-here/fees-and-funding/scholarships/,2026-05-19T19:23:32.732Z,2026-05-19T19:23:32.732Z,
9c7b1061-ac60-493d-b35e-0376fa193c11,sciences-po-mastercard-foundation-scholars,Sciences Po Mastercard Foundation Scholars Program,Sciences Po,eu,masters,stem|any,full,unclear,,Check official page,source_needs_manual_review,Source needs manual review,Display Deadline unclear. The current data does not contain a reliable dated deadline or clear application status.,yes,deadline_text=Check official page,low,"medium - recent official link check, deadline not parsed",official_link,curated,curated,afrotools-curated-backup,valid_https_official_link,sciencespo.fr,https://www.sciencespo.fr/students/en/fees-funding/bursaries-financial-aid/mastercard-foundation-scholars-program/,https://www.sciencespo.fr/students/en/fees-funding/bursaries-financial-aid/mastercard-foundation-scholars-program/,2026-05-19T19:23:32.732Z,2026-05-19T19:23:32.732Z,
ca577c3a-53f8-419c-82d5-111172282491,sfu-financial-aid-awards,SFU Financial Aid and Awards,Simon Fraser University,canada,undergrad|masters,any,partial,unclear,,Check official page,source_needs_manual_review,Source needs manual review,Display Deadline unclear. The current data does not contain a reliable dated deadline or clear application status.,yes,deadline_text=Check official page,low,"medium - recent official link check, deadline not parsed",official_link,curated,curated,afrotools-curated-backup,valid_https_official_link,sfu.ca,https://www.sfu.ca/students/financialaid.html,https://www.sfu.ca/students/financialaid.html,2026-05-19T19:23:32.732Z,2026-05-19T19:23:32.732Z,
e18ddd3a-38e7-4aa8-ab4f-ea7439269148,shell-nigeria-scholarships,Shell Nigeria Scholarships,Shell Nigeria,africa,undergrad,any,partial,unclear,,Check official page,source_needs_manual_review,Source needs manual review,Display Deadline unclear. The current data does not contain a reliable dated deadline or clear application status.,yes,deadline_text=Check official page,low,"medium - recent official link check, deadline not parsed",official_link,curated,curated,afrotools-curated-backup,valid_https_official_link,shell.com.ng,https://www.shell.com.ng/sustainability/communities/education-programmes/scholarships.html,https://www.shell.com.ng/sustainability/communities/education-programmes/scholarships.html,2026-05-19T19:23:32.732Z,2026-05-19T19:23:32.732Z,
443b0e4c-b047-4f7d-a1c8-85fe287ad181,soas-scholarships,SOAS Scholarships,SOAS University of London,uk,undergrad|masters|phd,any,partial,unclear,,Check official page,source_needs_manual_review,Source needs manual review,Display Deadline unclear. The current data does not contain a reliable dated deadline or clear application status.,yes,deadline_text=Check official page,low,"medium - recent official link check, deadline not parsed",official_link,curated,curated,afrotools-curated-backup,valid_https_official_link,soas.ac.uk,https://www.soas.ac.uk/study/fees-and-funding/scholarships,https://www.soas.ac.uk/study/fees-and-funding/scholarships,2026-05-19T19:23:32.732Z,2026-05-19T19:23:32.732Z,
4ed80dda-b00f-4bc0-a335-f4fd576d5be3,stanford-africa-mba-fellowship,Stanford Africa MBA Fellowship,Stanford Graduate School of Business,us,masters,business|any,full,unclear,,Check official page,source_needs_manual_review,Source needs manual review,Display Deadline unclear. The current data does not contain a reliable dated deadline or clear application status.,yes,deadline_text=Check official page,low,"medium - recent official link check, deadline not parsed",official_link,curated,curated,afrotools-curated-backup,valid_https_official_link,gsb.stanford.edu,https://www.gsb.stanford.edu/programs/mba/financial-aid/types-aid/stanford-africa-mba-fellowship,https://www.gsb.stanford.edu/programs/mba/financial-aid/types-aid/stanford-africa-mba-fellowship,2026-05-19T19:23:32.732Z,2026-05-19T19:23:32.732Z,
76c50062-759f-4eb9-87a1-9870bf94e1c3,study-in-nl-scholarships,Study in NL Scholarships,Nuffic,eu,undergrad|masters,any,partial,unclear,,Check official page,source_needs_manual_review,Source needs manual review,Display Deadline unclear. The current data does not contain a reliable dated deadline or clear application status.,yes,deadline_text=Check official page,low,"medium - recent official link check, deadline not parsed",official_link,curated,curated,afrotools-curated-backup,valid_https_official_link,studyinnl.org,https://www.studyinnl.org/finances/scholarships,https://www.studyinnl.org/finances/scholarships,2026-05-19T19:23:32.732Z,2026-05-19T19:23:32.732Z,
94de36d7-72c0-4f55-b636-fbad110432a6,swedish-institute-scholarships,Swedish Institute Scholarships,Swedish Institute,eu,masters,any,full,unclear,,Check official page,source_needs_manual_review,Source needs manual review,Display Deadline unclear. The current data does not contain a reliable dated deadline or clear application status.,yes,deadline_text=Check official page,low,"medium - recent official link check, deadline not parsed",official_link,curated,curated,afrotools-curated-backup,valid_https_official_link,si.se,https://si.se/en/apply/scholarships/,https://si.se/en/apply/scholarships/,2026-05-19T19:23:32.732Z,2026-05-19T19:23:32.732Z,
e7e7c86c-36c5-4901-a32f-26cd4fcaf0aa,bristol-think-big-postgraduate,Think Big Postgraduate Scholarships,University of Bristol,uk,masters,any,partial,unclear,,Check official page,source_needs_manual_review,Source needs manual review,Display Deadline unclear. The current data does not contain a reliable dated deadline or clear application status.,yes,deadline_text=Check official page,low,"medium - recent official link check, deadline not parsed",official_link,curated,curated,afrotools-curated-backup,valid_https_official_link,bristol.ac.uk,https://www.bristol.ac.uk/students/support/finances/scholarships/think-big-postgraduate/,https://www.bristol.ac.uk/students/support/finances/scholarships/think-big-postgraduate/,2026-05-19T19:23:32.732Z,2026-05-19T19:23:32.732Z,
62a04d9c-baf9-4253-8317-d5d22a6f7dda,bristol-think-big-undergraduate,Think Big Undergraduate Scholarships,University of Bristol,uk,undergrad,any,partial,unclear,,Check official page,source_needs_manual_review,Source needs manual review,Display Deadline unclear. The current data does not contain a reliable dated deadline or clear application status.,yes,deadline_text=Check official page,low,"medium - recent official link check, deadline not parsed",official_link,curated,curated,afrotools-curated-backup,valid_https_official_link,bristol.ac.uk,https://www.bristol.ac.uk/students/support/finances/scholarships/think-big-undergraduate/,https://www.bristol.ac.uk/students/support/finances/scholarships/think-big-undergraduate/,2026-05-19T19:23:32.732Z,2026-05-19T19:23:32.732Z,
3297a405-01b7-49d1-b473-12af4e429e96,victoria-wellington-tongarewa-scholarship,Tongarewa Scholarship,Victoria University of Wellington,global,undergrad|masters,any,partial,unclear,,Check official page,source_needs_manual_review,Source needs manual review,Display Deadline unclear. The official link or source needs manual verification before any deadline or open status is shown.,yes,official_link_http_blocked,low,low - official URL needs manual HTTP review,official_link_http_blocked,curated,curated,afrotools-curated-backup,official_link_http_blocked,wgtn.ac.nz,https://www.wgtn.ac.nz/scholarships/current/tongarewa-scholarship,https://www.wgtn.ac.nz/scholarships/current/tongarewa-scholarship,2026-05-19T19:23:32.732Z,2026-05-19T19:23:32.732Z,
980cd7b6-494e-43b6-8a03-fb80a21241a1,turkish-government-scholarship-republic-of-turkey,Turkish Government Scholarship,Republic of Turkey,eu,undergrad|masters|phd,any,full,unclear,,Jan-Feb,annual_cycle_expected,Annual cycle expected,Show the month or cycle hint only as an estimated annual pattern. Do not calculate days left until a dated deadline is verified.,yes,deadline_text has a month or cycle hint but no year-specific deadline_date,low,"medium - recent official link check, deadline not parsed",official_link,curated,curated,afrotools-curated-backup,valid_https_official_link,turkiyeburslari.gov.tr,https://turkiyeburslari.gov.tr,https://turkiyeburslari.gov.tr,2026-05-20T00:34:46.281Z,2026-05-20T00:34:46.281Z,
d6294889-4f1d-4fa0-b643-3284c7d9f9ad,twas-fellowships,TWAS Fellowships,The World Academy of Sciences,global,phd|postdoc,stem|any,full,unclear,,Check official page,source_needs_manual_review,Source needs manual review,Display Deadline unclear. The current data does not contain a reliable dated deadline or clear application status.,yes,deadline_text=Check official page,low,"medium - recent official link check, deadline not parsed",official_link,curated,curated,afrotools-curated-backup,valid_https_official_link,twas.org,https://twas.org/opportunities/fellowships,https://twas.org/opportunities/fellowships,2026-05-19T19:23:32.732Z,2026-05-19T19:23:32.732Z,
515a1a5b-bc40-45c2-944a-382986f4aa37,ubc-international-scholars-program,UBC International Scholars Program,University of British Columbia,canada,undergrad,any,partial,unclear,,Check official page,source_needs_manual_review,Source needs manual review,Display Deadline unclear. The current data does not contain a reliable dated deadline or clear application status.,yes,deadline_text=Check official page,low,"medium - recent official link check, deadline not parsed",official_link,curated,curated,afrotools-curated-backup,valid_https_official_link,you.ubc.ca,https://you.ubc.ca/financial-planning/scholarships-awards-international-students/international-scholars/,https://you.ubc.ca/financial-planning/scholarships-awards-international-students/international-scholars/,2026-05-19T19:23:32.732Z,2026-05-19T19:23:32.732Z,
a27ccb4b-c28b-4a4f-91bd-bb2905c83b2d,ubc-mastercard-foundation-scholars,UBC Mastercard Foundation Scholars Program,University of British Columbia,canada,undergrad,any,full,unclear,,Check official page,source_needs_manual_review,Source needs manual review,Display Deadline unclear. The current data does not contain a reliable dated deadline or clear application status.,yes,deadline_text=Check official page,low,"medium - recent official link check, deadline not parsed",official_link,curated,curated,afrotools-curated-backup,valid_https_official_link,mastercardfdn.scholars.ubc.ca,https://mastercardfdn.scholars.ubc.ca/,https://mastercardfdn.scholars.ubc.ca/,2026-05-19T19:23:32.732Z,2026-05-19T19:23:32.732Z,
ae9b7b81-8655-412b-aad8-b64d0c51d76e,uchicago-international-financial-aid,UChicago International Financial Aid,University of Chicago,us,undergrad,any,partial,unclear,,Check official page,source_needs_manual_review,Source needs manual review,Display Deadline unclear. The current data does not contain a reliable dated deadline or clear application status.,yes,deadline_text=Check official page,low,"medium - recent official link check, deadline not parsed",official_link,curated,curated,afrotools-curated-backup,valid_https_official_link,collegeadmissions.uchicago.edu,https://collegeadmissions.uchicago.edu/financial-support/international-financial-aid,https://collegeadmissions.uchicago.edu/financial-support/international-financial-aid,2026-05-19T19:23:32.732Z,2026-05-19T19:23:32.732Z,
e326d402-b7be-4a0c-a340-c45760777e07,ucl-global-masters-scholarship,UCL Global Masters Scholarship,University College London,uk,masters,any,partial,unclear,,Check official page,source_needs_manual_review,Source needs manual review,Display Deadline unclear. The current data does not contain a reliable dated deadline or clear application status.,yes,deadline_text=Check official page,low,"medium - recent official link check, deadline not parsed",official_link,curated,curated,afrotools-curated-backup,valid_https_official_link,ucl.ac.uk,https://www.ucl.ac.uk/scholarships/ucl-global-masters-scholarship,https://www.ucl.ac.uk/scholarships/ucl-global-masters-scholarship,2026-05-19T19:23:32.732Z,2026-05-19T19:23:32.732Z,
12e35fc3-824a-4f67-a834-922822eff48d,ucl-global-undergraduate-scholarship,UCL Global Undergraduate Scholarship,University College London,uk,undergrad,any,partial,unclear,,Check official page,source_needs_manual_review,Source needs manual review,Display Deadline unclear. The current data does not contain a reliable dated deadline or clear application status.,yes,deadline_text=Check official page,low,"medium - recent official link check, deadline not parsed",official_link,curated,curated,afrotools-curated-backup,valid_https_official_link,ucl.ac.uk,https://www.ucl.ac.uk/scholarships/ucl-global-undergraduate-scholarship,https://www.ucl.ac.uk/scholarships/ucl-global-undergraduate-scholarship,2026-05-19T19:23:32.732Z,2026-05-19T19:23:32.732Z,
178e3481-9c9f-4b85-9110-a467394d263d,unesco-fellowships,UNESCO Fellowships,UNESCO,global,masters|phd|postdoc,any,partial,unclear,,Check official page,source_needs_manual_review,Source needs manual review,Display Deadline unclear. The current data does not contain a reliable dated deadline or clear application status.,yes,deadline_text=Check official page,low,"medium - recent official link check, deadline not parsed",official_link,curated,curated,afrotools-curated-backup,valid_https_official_link,unesco.org,https://www.unesco.org/en/fellowships,https://www.unesco.org/en/fellowships,2026-05-19T19:23:32.732Z,2026-05-19T19:23:32.732Z,
800f5f61-5723-4f2b-9f8e-342dd6801254,aberdeen-funding,University of Aberdeen Funding,University of Aberdeen,uk,undergrad|masters|phd,any,partial,unclear,,Check official page,source_needs_manual_review,Source needs manual review,Display Deadline unclear. The current data does not contain a reliable dated deadline or clear application status.,yes,deadline_text=Check official page,low,"medium - recent official link check, deadline not parsed",official_link,curated,curated,afrotools-curated-backup,valid_https_official_link,abdn.ac.uk,https://www.abdn.ac.uk/study/funding/,https://www.abdn.ac.uk/study/funding/,2026-05-19T19:23:32.732Z,2026-05-19T19:23:32.732Z,
3d728a8e-7c6a-476b-bc56-79a348eec509,calgary-international-entrance-scholarship,University of Calgary International Entrance Scholarship,University of Calgary,canada,undergrad,any,partial,unclear,,Check official page,source_needs_manual_review,Source needs manual review,Display Deadline unclear. The current data does not contain a reliable dated deadline or clear application status.,yes,deadline_text=Check official page,low,"medium - recent official link check, deadline not parsed",official_link,curated,curated,afrotools-curated-backup,valid_https_official_link,ucalgary.ca,https://www.ucalgary.ca/registrar/finances/awards-scholarships-and-bursaries,https://www.ucalgary.ca/registrar/finances/awards-scholarships-and-bursaries,2026-05-19T19:23:32.732Z,2026-05-19T19:23:32.732Z,
9fc82cfc-0935-4943-947e-cde315992f28,copenhagen-masters-scholarships,University of Copenhagen Scholarships,University of Copenhagen,eu,masters,any,partial,unclear,,Check official page,source_needs_manual_review,Source needs manual review,Display Deadline unclear. The current data does not contain a reliable dated deadline or clear application status.,yes,deadline_text=Check official page,low,"medium - recent official link check, deadline not parsed",official_link,curated,curated,afrotools-curated-backup,valid_https_official_link,studies.ku.dk,https://studies.ku.dk/masters/tuition-fees-scholarships/scholarships/,https://studies.ku.dk/masters/tuition-fees-scholarships/scholarships/,2026-05-19T19:23:32.732Z,2026-05-19T19:23:32.732Z,
0bc93a78-5d1a-4203-9b9f-cc7599dda58c,uea-scholarships,University of East Anglia Scholarships,University of East Anglia,uk,undergrad|masters|phd,any,partial,unclear,,Check official page,source_needs_manual_review,Source needs manual review,Display Deadline unclear. The current data does not contain a reliable dated deadline or clear application status.,yes,deadline_text=Check official page,low,"medium - recent official link check, deadline not parsed",official_link,curated,curated,afrotools-curated-backup,valid_https_official_link,uea.ac.uk,https://www.uea.ac.uk/study/fees-and-funding/scholarships,https://www.uea.ac.uk/study/fees-and-funding/scholarships,2026-05-19T19:23:32.732Z,2026-05-19T19:23:32.732Z,
c713e7d9-402f-4df4-a533-3133fc201321,essex-scholarships,University of Essex Scholarships,University of Essex,uk,undergrad|masters|phd,any,partial,unclear,,Check official page,source_needs_manual_review,Source needs manual review,Display Deadline unclear. The current data does not contain a reliable dated deadline or clear application status.,yes,deadline_text=Check official page,low,"medium - recent official link check, deadline not parsed",official_link,curated,curated,afrotools-curated-backup,valid_https_official_link,essex.ac.uk,https://www.essex.ac.uk/scholarships,https://www.essex.ac.uk/scholarships,2026-05-19T19:23:32.732Z,2026-05-19T19:23:32.732Z,
d06882a0-1852-4927-8dbd-910dd0be5161,exeter-funding,University of Exeter Funding and Scholarships,University of Exeter,uk,undergrad|masters|phd,any,partial,unclear,,Check official page,source_needs_manual_review,Source needs manual review,Display Deadline unclear. The current data does not contain a reliable dated deadline or clear application status.,yes,deadline_text=Check official page,low,"medium - recent official link check, deadline not parsed",official_link,curated,curated,afrotools-curated-backup,valid_https_official_link,exeter.ac.uk,https://www.exeter.ac.uk/study/funding/,https://www.exeter.ac.uk/study/funding/,2026-05-19T19:23:32.732Z,2026-05-19T19:23:32.732Z,
35e6c036-146d-4fea-a3e7-b2d3d54a19b6,kent-scholarships,University of Kent Scholarships,University of Kent,uk,undergrad|masters|phd,any,partial,unclear,,Check official page,source_needs_manual_review,Source needs manual review,Display Deadline unclear. The current data does not contain a reliable dated deadline or clear application status.,yes,deadline_text=Check official page,low,"medium - recent official link check, deadline not parsed",official_link,curated,curated,afrotools-curated-backup,valid_https_official_link,kent.ac.uk,https://www.kent.ac.uk/scholarships,https://www.kent.ac.uk/scholarships,2026-05-19T19:23:32.732Z,2026-05-19T19:23:32.732Z,
04805b85-9e83-4320-af25-8e650b5e83d8,ottawa-scholarships-awards,University of Ottawa Scholarships and Awards,University of Ottawa,canada,undergrad|masters|phd,any,partial,unclear,,Check official page,source_needs_manual_review,Source needs manual review,Display Deadline unclear. The current data does not contain a reliable dated deadline or clear application status.,yes,deadline_text=Check official page,low,"medium - recent official link check, deadline not parsed",official_link,curated,curated,afrotools-curated-backup,valid_https_official_link,uottawa.ca,https://www.uottawa.ca/study/fees-financial-support/scholarships-awards,https://www.uottawa.ca/study/fees-financial-support/scholarships-awards,2026-05-19T19:23:32.732Z,2026-05-19T19:23:32.732Z,
4c9f81fe-42e0-4dd8-be80-1edc3ea12e83,padua-scholarships,University of Padua Scholarships,University of Padua,eu,undergrad|masters|phd,any,partial,unclear,,Check official page,source_needs_manual_review,Source needs manual review,Display Deadline unclear. The current data does not contain a reliable dated deadline or clear application status.,yes,deadline_text=Check official page,low,"medium - recent official link check, deadline not parsed",official_link,curated,curated,afrotools-curated-backup,valid_https_official_link,unipd.it,https://www.unipd.it/en/scholarships,https://www.unipd.it/en/scholarships,2026-05-19T19:23:32.732Z,2026-05-19T19:23:32.732Z,
ea139a3f-4685-4ce7-8afa-ebbe0b7cd230,university-of-pretoria-mastercard-foundation-scholarship,University of Pretoria Mastercard Foundation Scholars Program,University of Pretoria,africa,undergrad|masters,any,full,unclear,,Check official page,source_needs_manual_review,Source needs manual review,Display Deadline unclear. The official link or source needs manual verification before any deadline or open status is shown.,yes,official_link_http_blocked,low,low - official URL needs manual HTTP review,official_link_http_blocked,curated,curated,afrotools-curated-backup,official_link_http_blocked,up.ac.za,https://www.up.ac.za/mastercard-foundation-scholarship-program,https://www.up.ac.za/mastercard-foundation-scholarship-program,2026-05-19T19:23:32.732Z,2026-05-19T19:23:32.732Z,
f560a4b8-0439-4931-aeb0-013f859bc5e2,saskatchewan-scholarships,University of Saskatchewan Scholarships,University of Saskatchewan,canada,undergrad|masters|phd,any,partial,unclear,,Check official page,source_needs_manual_review,Source needs manual review,Display Deadline unclear. The current data does not contain a reliable dated deadline or clear application status.,yes,deadline_text=Check official page,low,"medium - recent official link check, deadline not parsed",official_link,curated,curated,afrotools-curated-backup,valid_https_official_link,students.usask.ca,https://students.usask.ca/money/scholarships.php,https://students.usask.ca/money/scholarships.php,2026-05-19T19:23:32.732Z,2026-05-19T19:23:32.732Z,
37b06450-c5a5-4d66-ab66-f0ac080abc72,southampton-scholarships,University of Southampton Scholarships,University of Southampton,uk,undergrad|masters|phd,any,partial,unclear,,Check official page,source_needs_manual_review,Source needs manual review,Display Deadline unclear. The current data does not contain a reliable dated deadline or clear application status.,yes,deadline_text=Check official page,low,"medium - recent official link check, deadline not parsed",official_link,curated,curated,afrotools-curated-backup,valid_https_official_link,southampton.ac.uk,https://www.southampton.ac.uk/study/fees-funding/scholarships,https://www.southampton.ac.uk/study/fees-funding/scholarships,2026-05-19T19:23:32.732Z,2026-05-19T19:23:32.732Z,
e858a990-b8a8-4a89-a620-485f3579279e,st-andrews-scholarships,University of St Andrews Scholarships,University of St Andrews,uk,undergrad|masters|phd,any,partial,unclear,,Check official page,source_needs_manual_review,Source needs manual review,Display Deadline unclear. The current data does not contain a reliable dated deadline or clear application status.,yes,deadline_text=Check official page,low,"medium - recent official link check, deadline not parsed",official_link,curated,curated,afrotools-curated-backup,valid_https_official_link,st-andrews.ac.uk,https://www.st-andrews.ac.uk/study/fees-and-funding/scholarships/,https://www.st-andrews.ac.uk/study/fees-and-funding/scholarships/,2026-05-19T19:23:32.732Z,2026-05-19T19:23:32.732Z,
170884f7-7b9c-4141-ade5-9a584a4199a0,strathclyde-scholarships,University of Strathclyde Scholarships,University of Strathclyde,uk,undergrad|masters|phd,any,partial,unclear,,Check official page,source_needs_manual_review,Source needs manual review,Display Deadline unclear. The current data does not contain a reliable dated deadline or clear application status.,yes,deadline_text=Check official page,low,"medium - recent official link check, deadline not parsed",official_link,curated,curated,afrotools-curated-backup,valid_https_official_link,strath.ac.uk,https://www.strath.ac.uk/studywithus/scholarships/,https://www.strath.ac.uk/studywithus/scholarships/,2026-05-19T19:23:32.732Z,2026-05-19T19:23:32.732Z,
934e491a-ecf5-49ae-9d7d-2e05b516d5eb,sydney-international-scholarship,University of Sydney International Scholarship,University of Sydney,australia,masters|phd,any,full,unclear,,Check official page,source_needs_manual_review,Source needs manual review,Display Deadline unclear. The current data does not contain a reliable dated deadline or clear application status.,yes,deadline_text=Check official page,low,"medium - recent official link check, deadline not parsed",official_link,curated,curated,afrotools-curated-backup,valid_https_official_link,sydney.edu.au,https://www.sydney.edu.au/scholarships/e/university-sydney-international-scholarship.html,https://www.sydney.edu.au/scholarships/e/university-sydney-international-scholarship.html,2026-05-19T19:23:32.732Z,2026-05-19T19:23:32.732Z,
923a4c62-c8c0-4f80-8b7e-b523cd7eb0e4,university-of-twente-scholarship,University of Twente Scholarship,University of Twente,eu,masters,any,partial,unclear,,Check official page,source_needs_manual_review,Source needs manual review,Display Deadline unclear. The current data does not contain a reliable dated deadline or clear application status.,yes,deadline_text=Check official page,low,"medium - recent official link check, deadline not parsed",official_link,curated,curated,afrotools-curated-backup,valid_https_official_link,utwente.nl,https://www.utwente.nl/en/education/scholarship-finder/university-of-twente-scholarship/,https://www.utwente.nl/en/education/scholarship-finder/university-of-twente-scholarship/,2026-05-19T19:23:32.732Z,2026-05-19T19:23:32.732Z,
4803659a-dece-4617-aca7-389693b18d55,westminster-scholarships,University of Westminster Scholarships,University of Westminster,uk,undergrad|masters,any,partial,unclear,,Check official page,source_needs_manual_review,Source needs manual review,Display Deadline unclear. The current data does not contain a reliable dated deadline or clear application status.,yes,deadline_text=Check official page,low,"medium - recent official link check, deadline not parsed",official_link,curated,curated,afrotools-curated-backup,valid_https_official_link,westminster.ac.uk,https://www.westminster.ac.uk/study/fees-and-funding/scholarships,https://www.westminster.ac.uk/study/fees-and-funding/scholarships,2026-05-19T19:23:32.732Z,2026-05-19T19:23:32.732Z,
3de028f6-e4dc-4abc-9261-3f7e6bafa184,wollongong-scholarships,University of Wollongong Scholarships,University of Wollongong,australia,undergrad|masters|phd,any,partial,unclear,,Check official page,source_needs_manual_review,Source needs manual review,Display Deadline unclear. The current data does not contain a reliable dated deadline or clear application status.,yes,deadline_text=Check official page,low,"medium - recent official link check, deadline not parsed",official_link,curated,curated,afrotools-curated-backup,valid_https_official_link,uow.edu.au,https://www.uow.edu.au/study/scholarships/,https://www.uow.edu.au/study/scholarships/,2026-05-19T19:23:32.732Z,2026-05-19T19:23:32.732Z,
7b517f72-e263-47d5-a250-a7c9eef03fc6,usiu-africa-mastercard-foundation-scholars,USIU-Africa Mastercard Foundation Scholars Program,United States International University Africa,africa,undergrad,any,full,unclear,,Check official page,source_needs_manual_review,Source needs manual review,Display Deadline unclear. The current data does not contain a reliable dated deadline or clear application status.,yes,deadline_text=Check official page,low,"medium - recent official link check, deadline not parsed",official_link,curated,curated,afrotools-curated-backup,valid_https_official_link,usiu.ac.ke,https://www.usiu.ac.ke/mastercard-foundation-scholars-program/,https://www.usiu.ac.ke/mastercard-foundation-scholars-program/,2026-05-19T19:23:32.732Z,2026-05-19T19:23:32.732Z,
553961b7-1020-477b-a01c-1aaf2d958054,utrecht-excellence-scholarships,Utrecht Excellence Scholarships,Utrecht University,eu,masters,any,partial,unclear,,Check official page,source_needs_manual_review,Source needs manual review,Display Deadline unclear. The official link or source needs manual verification before any deadline or open status is shown.,yes,official_link_http_blocked,low,low - official URL needs manual HTTP review,official_link_http_blocked,curated,curated,afrotools-curated-backup,official_link_http_blocked,uu.nl,https://www.uu.nl/en/masters/general-information/international-students/financial-matters/grants-and-scholarships/utrecht-excellence-scholarships,https://www.uu.nl/en/masters/general-information/international-students/financial-matters/grants-and-scholarships/utrecht-excellence-scholarships,2026-05-19T19:23:32.732Z,2026-05-19T19:23:32.732Z,
8442f489-2024-4c77-aa29-b226d132521b,uts-international-scholarships,UTS International Student Scholarships,University of Technology Sydney,australia,undergrad|masters,stem|any,partial,unclear,,Check official page,source_needs_manual_review,Source needs manual review,Display Deadline unclear. The current data does not contain a reliable dated deadline or clear application status.,yes,deadline_text=Check official page,low,"medium - recent official link check, deadline not parsed",official_link,curated,curated,afrotools-curated-backup,valid_https_official_link,uts.edu.au,https://www.uts.edu.au/study/international/essential-information/scholarships-international-students,https://www.uts.edu.au/study/international/essential-information/scholarships-international-students,2026-05-19T19:23:32.732Z,2026-05-19T19:23:32.732Z,
2f676d8e-e764-44f3-b4c8-34c95957342b,macquarie-vice-chancellors-international-scholarship,Vice-Chancellor's International Scholarship,Macquarie University,australia,undergrad|masters,any,partial,unclear,,Check official page,source_needs_manual_review,Source needs manual review,Display Deadline unclear. The official link or source needs manual verification before any deadline or open status is shown.,yes,official_link_http_blocked,low,low - official URL needs manual HTTP review,official_link_http_blocked,curated,curated,afrotools-curated-backup,official_link_http_blocked,mq.edu.au,https://www.mq.edu.au/study/admissions-and-entry/scholarships/international/vice-chancellors-international-scholarship,https://www.mq.edu.au/study/admissions-and-entry/scholarships/international/vice-chancellors-international-scholarship,2026-05-19T19:23:32.732Z,2026-05-19T19:23:32.732Z,
95199879-2c46-453b-9cbb-b64f2da7f3d0,deakin-vice-chancellors-international-scholarship,Vice-Chancellor's International Scholarship,Deakin University,australia,undergrad|masters,any,partial,unclear,,Check official page,source_needs_manual_review,Source needs manual review,Display Deadline unclear. The official link or source needs manual verification before any deadline or open status is shown.,yes,official_link_http_blocked,low,low - official URL needs manual HTTP review,official_link_http_blocked,curated,curated,afrotools-curated-backup,official_link_http_blocked,deakin.edu.au,https://www.deakin.edu.au/study/fees-and-scholarships/scholarships/find-a-scholarship/deakin-vice-chancellors-international-scholarship,https://www.deakin.edu.au/study/fees-and-scholarships/scholarships/find-a-scholarship/deakin-vice-chancellors-international-scholarship,2026-05-19T19:23:32.732Z,2026-05-19T19:23:32.732Z,
41ae0c07-802c-4900-9c9e-1fb352a1b2cc,vlir-uos-icp-connect-scholarships,VLIR-UOS ICP Connect Scholarships,VLIR-UOS,eu,masters,any,full,unclear,,Check official page,source_needs_manual_review,Source needs manual review,Display Deadline unclear. The current data does not contain a reliable dated deadline or clear application status.,yes,deadline_text=Check official page,low,"medium - recent official link check, deadline not parsed",official_link,curated,curated,afrotools-curated-backup,valid_https_official_link,vliruos.be,https://www.vliruos.be/en/scholarships,https://www.vliruos.be/en/scholarships,2026-05-19T19:23:32.732Z,2026-05-19T19:23:32.732Z,
f35a7b83-f196-4237-b690-aceac9c31a13,weidenfeld-hoffmann-scholarships,Weidenfeld-Hoffmann Scholarships and Leadership Programme,University of Oxford,uk,masters,any,full,unclear,,Check official page,source_needs_manual_review,Source needs manual review,Display Deadline unclear. The official link or source needs manual verification before any deadline or open status is shown.,yes,official_link_http_blocked,low,low - official URL needs manual HTTP review,official_link_http_blocked,curated,curated,afrotools-curated-backup,official_link_http_blocked,ox.ac.uk,https://www.ox.ac.uk/admissions/graduate/fees-and-funding/fees-funding-and-scholarship-search/weidenfeld-hoffmann-scholarships-and-leadership-programme,https://www.ox.ac.uk/admissions/graduate/fees-and-funding/fees-funding-and-scholarship-search/weidenfeld-hoffmann-scholarships-and-leadership-programme,2026-05-19T19:23:32.732Z,2026-05-19T19:23:32.732Z,
3066cfa9-db9d-4b4a-8736-847e39623251,wells-mountain-initiative-scholars,Wells Mountain Initiative Scholars Program,Wells Mountain Initiative,global,undergrad,any,partial,unclear,,Check official page,source_needs_manual_review,Source needs manual review,Display Deadline unclear. The current data does not contain a reliable dated deadline or clear application status.,yes,deadline_text=Check official page,low,"medium - recent official link check, deadline not parsed",official_link,curated,curated,afrotools-curated-backup,valid_https_official_link,wellsmountaininitiative.org,https://wellsmountaininitiative.org/our-programs/scholars-program/,https://wellsmountaininitiative.org/our-programs/scholars-program/,2026-05-19T19:23:32.732Z,2026-05-19T19:23:32.732Z,
cef62786-56bd-4c6b-ae0f-6bbc0d81085c,western-national-scholarship,Western National Scholarship Program,Western University,canada,undergrad,any,partial,unclear,,Check official page,source_needs_manual_review,Source needs manual review,Display Deadline unclear. The current data does not contain a reliable dated deadline or clear application status.,yes,deadline_text=Check official page,low,"medium - recent official link check, deadline not parsed",official_link,curated,curated,afrotools-curated-backup,valid_https_official_link,registrar.uwo.ca,https://registrar.uwo.ca/student_finances/scholarships_awards/national_scholarship_program.html,https://registrar.uwo.ca/student_finances/scholarships_awards/national_scholarship_program.html,2026-05-19T19:23:32.732Z,2026-05-19T19:23:32.732Z,
