"slug","name","country","region","category","route","ingredient_hints","starter_image_prompt"
"couscous-royal-dz","Couscous Royal","Algeria","North Africa","main","/tools/afrokitchen/recipes/couscous-royal-dz/","olive oil, onion, lamb shoulder, merguez sausages, turnips, courgettes","Editorial food photography of Couscous Royal, a traditional Algeria main, plated naturally with olive oil, onion, lamb shoulder, merguez sausages, turnips, courgettes visible, warm natural light, realistic texture, appetizing but not over-styled, no text, no logo."
"amiwo-bj","Amiwo","Benin","West Africa","main","/tools/afrokitchen/recipes/amiwo-bj/","fine cornmeal, tomatoes, tomato paste, crab meat, onion, garlic","Editorial food photography of Amiwo, a traditional Benin main, plated naturally with fine cornmeal, tomatoes, tomato paste, crab meat, onion, garlic visible, warm natural light, realistic texture, appetizing but not over-styled, no text, no logo."
"kuli-kuli-bj","Kuli-Kuli","Benin","West Africa","snack","/tools/afrokitchen/recipes/kuli-kuli-bj/","roasted peanuts, salt, cayenne pepper, vegetable oil","Editorial food photography of Kuli-Kuli, a traditional Benin snack, plated naturally with roasted peanuts, salt, cayenne pepper, vegetable oil visible, warm natural light, realistic texture, appetizing but not over-styled, no text, no logo."
"seswaa-bw","Seswaa","Botswana","Southern Africa","main","/tools/afrokitchen/recipes/seswaa-bw/","beef shin or chuck, onion, salt, black pepper, water","Editorial food photography of Seswaa, a traditional Botswana main, plated naturally with beef shin or chuck, onion, salt, black pepper, water visible, warm natural light, realistic texture, appetizing but not over-styled, no text, no logo."
"riz-gras-bf","Riz Gras","Burkina Faso","West Africa","main","/tools/afrokitchen/recipes/riz-gras-bf/","long-grain rice, beef or goat, tomato paste, onions, garlic, carrots","Editorial food photography of Riz Gras, a traditional Burkina Faso main, plated naturally with long-grain rice, beef or goat, tomato paste, onions, garlic, carrots visible, warm natural light, realistic texture, appetizing but not over-styled, no text, no logo."
"koki-beans-cm","Koki Beans","Cameroon","Central Africa","side","/tools/afrokitchen/recipes/koki-beans-cm/","black-eyed peas, palm oil, onion, scotch bonnet pepper, salt, banana leaves","Editorial food photography of Koki Beans, a traditional Cameroon side, plated naturally with black-eyed peas, palm oil, onion, scotch bonnet pepper, salt, banana leaves visible, warm natural light, realistic texture, appetizing but not over-styled, no text, no logo."
"ndole-cm","Ndolé","Cameroon","Central Africa","stew","/tools/afrokitchen/recipes/ndole-cm/","bitter leaves, raw peanuts, prawns, dried crayfish, onion, garlic","Editorial food photography of Ndolé, a traditional Cameroon stew, plated naturally with bitter leaves, raw peanuts, prawns, dried crayfish, onion, garlic visible, warm natural light, realistic texture, appetizing but not over-styled, no text, no logo."
"cachupa-rica-cv","Cachupa Rica","Cape Verde","West Africa","stew","/tools/afrokitchen/recipes/cachupa-rica-cv/","dried hominy corn, dried kidney beans, pork ribs, linguiça (Portuguese sausage), beef stew meat, sweet potatoes","Editorial food photography of Cachupa Rica, a traditional Cape Verde stew, plated naturally with dried hominy corn, dried kidney beans, pork ribs, linguiça (Portuguese sausage), beef stew meat, sweet potatoes visible, warm natural light, realistic texture, appetizing but not over-styled, no text, no logo."
"gozo-cf","Gozo","Central African Republic","Central Africa","side","/tools/afrokitchen/recipes/gozo-cf/","cassava flour, water, salt","Editorial food photography of Gozo, a traditional Central African Republic side, plated naturally with cassava flour, water, salt visible, warm natural light, realistic texture, appetizing but not over-styled, no text, no logo."
"daraba-td","Daraba","Chad","Central Africa","stew","/tools/afrokitchen/recipes/daraba-td/","mixed greens, okra, peanut butter, tomatoes, onion, palm oil","Editorial food photography of Daraba, a traditional Chad stew, plated naturally with mixed greens, okra, peanut butter, tomatoes, onion, palm oil visible, warm natural light, realistic texture, appetizing but not over-styled, no text, no logo."
"moambe-chicken-cd","Moambe Chicken","Democratic Republic of Congo","Central Africa","stew","/tools/afrokitchen/recipes/moambe-chicken-cd/","chicken pieces, palm nut cream, tomatoes, onions, garlic, tomato paste","Editorial food photography of Moambe Chicken, a traditional Democratic Republic of Congo stew, plated naturally with chicken pieces, palm nut cream, tomatoes, onions, garlic, tomato paste visible, warm natural light, realistic texture, appetizing but not over-styled, no text, no logo."
"koshari-eg","Koshari","Egypt","North Africa","main","/tools/afrokitchen/recipes/koshari-eg/","Egyptian rice, brown lentils, elbow macaroni, canned chickpeas, crushed tomatoes, white vinegar","Editorial food photography of Koshari, a traditional Egypt main, plated naturally with Egyptian rice, brown lentils, elbow macaroni, canned chickpeas, crushed tomatoes, white vinegar visible, warm natural light, realistic texture, appetizing but not over-styled, no text, no logo."
"succotash-gq","Succotash de Guinée","Equatorial Guinea","Central Africa","stew","/tools/afrokitchen/recipes/succotash-gq/","black-eyed peas, corn kernels, tomatoes, onion, palm oil, garlic","Editorial food photography of Succotash de Guinée, a traditional Equatorial Guinea stew, plated naturally with black-eyed peas, corn kernels, tomatoes, onion, palm oil, garlic visible, warm natural light, realistic texture, appetizing but not over-styled, no text, no logo."
"sishwala-emasi-sz","Sishwala with Emasi","Eswatini","Southern Africa","main","/tools/afrokitchen/recipes/sishwala-emasi-sz/","white maize meal, water, salt, amasi or sour milk","Editorial food photography of Sishwala with Emasi, a traditional Eswatini main, plated naturally with white maize meal, water, salt, amasi or sour milk visible, warm natural light, realistic texture, appetizing but not over-styled, no text, no logo."
"umbhidvo-wetintsanga-sz","Umbhidvo Wetintsanga","Eswatini","Southern Africa","side","/tools/afrokitchen/recipes/umbhidvo-wetintsanga-sz/","pumpkin leaves, raw groundnuts, onion, tomatoes, vegetable oil, salt","Editorial food photography of Umbhidvo Wetintsanga, a traditional Eswatini side, plated naturally with pumpkin leaves, raw groundnuts, onion, tomatoes, vegetable oil, salt visible, warm natural light, realistic texture, appetizing but not over-styled, no text, no logo."
"doro-wat","Doro Wat","Ethiopia","East Africa","stew","/tools/afrokitchen/recipes/doro-wat/","chicken, lemons, red onions, garlic, ginger, berbere spice","Editorial food photography of Doro Wat, a traditional Ethiopia stew, plated naturally with chicken, lemons, red onions, garlic, ginger, berbere spice visible, warm natural light, realistic texture, appetizing but not over-styled, no text, no logo."
"poulet-moutarde-ga","Mustard Chicken","Gabon","Central Africa","main","/tools/afrokitchen/recipes/poulet-moutarde-ga/","chicken pieces, Dijon mustard, lemon juice, garlic, vegetable oil, chilli flakes","Editorial food photography of Mustard Chicken, a traditional Gabon main, plated naturally with chicken pieces, Dijon mustard, lemon juice, garlic, vegetable oil, chilli flakes visible, warm natural light, realistic texture, appetizing but not over-styled, no text, no logo."
"nyembwe-chicken-ga","Nyembwe Chicken","Gabon","Central Africa","stew","/tools/afrokitchen/recipes/nyembwe-chicken-ga/","chicken pieces, palm nut cream, onions, garlic, tomatoes, habanero pepper","Editorial food photography of Nyembwe Chicken, a traditional Gabon stew, plated naturally with chicken pieces, palm nut cream, onions, garlic, tomatoes, habanero pepper visible, warm natural light, realistic texture, appetizing but not over-styled, no text, no logo."
"domoda-gm","Domoda","Gambia","West Africa","stew","/tools/afrokitchen/recipes/domoda-gm/","beef stewing cuts, smooth peanut butter, tomato paste, pumpkin or butternut squash, onions, scotch bonnet pepper","Editorial food photography of Domoda, a traditional Gambia stew, plated naturally with beef stewing cuts, smooth peanut butter, tomato paste, pumpkin or butternut squash, onions, scotch bonnet pepper visible, warm natural light, realistic texture, appetizing but not over-styled, no text, no logo."
"jollof-rice-gh","Ghanaian Jollof Rice","Ghana","West Africa","main","/tools/afrokitchen/recipes/jollof-rice-gh/","basmati rice, canned tomatoes, tomato paste, onions, vegetable oil, scotch bonnet pepper","Editorial food photography of Ghanaian Jollof Rice, a traditional Ghana main, plated naturally with basmati rice, canned tomatoes, tomato paste, onions, vegetable oil, scotch bonnet pepper visible, warm natural light, realistic texture, appetizing but not over-styled, no text, no logo."
"poulet-yassa-gn","Guinean Chicken Yassa","Guinea","West Africa","main","/tools/afrokitchen/recipes/poulet-yassa-gn/","chicken pieces, onions, limes, fresh ginger, piment peppers, groundnut oil","Editorial food photography of Guinean Chicken Yassa, a traditional Guinea main, plated naturally with chicken pieces, onions, limes, fresh ginger, piment peppers, groundnut oil visible, warm natural light, realistic texture, appetizing but not over-styled, no text, no logo."
"caldo-de-mancarra-gw","Caldo de Mancarra","Guinea-Bissau","West Africa","soup","/tools/afrokitchen/recipes/caldo-de-mancarra-gw/","chicken pieces, roasted peanuts, tomatoes, sweet potatoes, onions, hot pepper","Editorial food photography of Caldo de Mancarra, a traditional Guinea-Bissau soup, plated naturally with chicken pieces, roasted peanuts, tomatoes, sweet potatoes, onions, hot pepper visible, warm natural light, realistic texture, appetizing but not over-styled, no text, no logo."
"attieke-poisson-ci","Attiéké with Grilled Fish","Ivory Coast","West Africa","main","/tools/afrokitchen/recipes/attieke-poisson-ci/","attiéké (cassava couscous), whole tilapia or sea bream, tomatoes, onions, vegetable oil, scotch bonnet peppers","Editorial food photography of Attiéké with Grilled Fish, a traditional Ivory Coast main, plated naturally with attiéké (cassava couscous), whole tilapia or sea bream, tomatoes, onions, vegetable oil, scotch bonnet peppers visible, warm natural light, realistic texture, appetizing but not over-styled, no text, no logo."
"kedjenou-ci","Kedjenou","Ivory Coast","West Africa","stew","/tools/afrokitchen/recipes/kedjenou-ci/","chicken pieces, tomatoes, onions, eggplant, garlic, fresh ginger","Editorial food photography of Kedjenou, a traditional Ivory Coast stew, plated naturally with chicken pieces, tomatoes, onions, eggplant, garlic, fresh ginger visible, warm natural light, realistic texture, appetizing but not over-styled, no text, no logo."
"ugali-na-sukuma-wiki","Ugali na Sukuma Wiki","Kenya","East Africa","main","/tools/afrokitchen/recipes/ugali-na-sukuma-wiki/","white maize flour, water, salt, collard greens, vegetable oil, onion","Editorial food photography of Ugali na Sukuma Wiki, a traditional Kenya main, plated naturally with white maize flour, water, salt, collard greens, vegetable oil, onion visible, warm natural light, realistic texture, appetizing but not over-styled, no text, no logo."
"papa-le-moroho-ls","Papa le Moroho","Lesotho","Southern Africa","main","/tools/afrokitchen/recipes/papa-le-moroho-ls/","white maize meal, water, salt, wild spinach or Swiss chard, tomatoes, onion","Editorial food photography of Papa le Moroho, a traditional Lesotho main, plated naturally with white maize meal, water, salt, wild spinach or Swiss chard, tomatoes, onion visible, warm natural light, realistic texture, appetizing but not over-styled, no text, no logo."
"palm-butter-soup-lr","Palm Butter Soup","Liberia","West Africa","soup","/tools/afrokitchen/recipes/palm-butter-soup-lr/","palm fruit concentrate, beef or goat, smoked fish, crab or crayfish, onions, scotch bonnet peppers","Editorial food photography of Palm Butter Soup, a traditional Liberia soup, plated naturally with palm fruit concentrate, beef or goat, smoked fish, crab or crayfish, onions, scotch bonnet peppers visible, warm natural light, realistic texture, appetizing but not over-styled, no text, no logo."
"torborgee-lr","Torborgee","Liberia","West Africa","stew","/tools/afrokitchen/recipes/torborgee-lr/","fermented locust beans (dawadawa), dried shrimp, dried fish, habanero peppers, onions, palm oil","Editorial food photography of Torborgee, a traditional Liberia stew, plated naturally with fermented locust beans (dawadawa), dried shrimp, dried fish, habanero peppers, onions, palm oil visible, warm natural light, realistic texture, appetizing but not over-styled, no text, no logo."
"bazin-ly","Bazin","Libya","North Africa","main","/tools/afrokitchen/recipes/bazin-ly/","lamb on the bone, onions, tomato paste, olive oil, turmeric, potatoes","Editorial food photography of Bazin, a traditional Libya main, plated naturally with lamb on the bone, onions, tomato paste, olive oil, turmeric, potatoes visible, warm natural light, realistic texture, appetizing but not over-styled, no text, no logo."
"tigadegena-ml","Tigadegena","Mali","West Africa","stew","/tools/afrokitchen/recipes/tigadegena-ml/","lamb shoulder, peanut paste, tomato paste, onions, potatoes, eggplant","Editorial food photography of Tigadegena, a traditional Mali stew, plated naturally with lamb shoulder, peanut paste, tomato paste, onions, potatoes, eggplant visible, warm natural light, realistic texture, appetizing but not over-styled, no text, no logo."
"thieboudienne-mr","Mauritanian Fish Rice","Mauritania","West Africa","main","/tools/afrokitchen/recipes/thieboudienne-mr/","fresh ocean fish, rice, tomato paste, carrots, cabbage, onions","Editorial food photography of Mauritanian Fish Rice, a traditional Mauritania main, plated naturally with fresh ocean fish, rice, tomato paste, carrots, cabbage, onions visible, warm natural light, realistic texture, appetizing but not over-styled, no text, no logo."
"chicken-tagine-preserved-lemons-ma","Chicken Tagine with Preserved Lemons & Olives","Morocco","North Africa","main","/tools/afrokitchen/recipes/chicken-tagine-preserved-lemons-ma/","chicken, preserved lemons, green olives, onions, garlic, saffron threads","Editorial food photography of Chicken Tagine with Preserved Lemons & Olives, a traditional Morocco main, plated naturally with chicken, preserved lemons, green olives, onions, garlic, saffron threads visible, warm natural light, realistic texture, appetizing but not over-styled, no text, no logo."
"potjiekos-na","Potjiekos","Namibia","Southern Africa","stew","/tools/afrokitchen/recipes/potjiekos-na/","beef chuck, vegetable oil, onion, carrots, green beans, potatoes","Editorial food photography of Potjiekos, a traditional Namibia stew, plated naturally with beef chuck, vegetable oil, onion, carrots, green beans, potatoes visible, warm natural light, realistic texture, appetizing but not over-styled, no text, no logo."
"dambou-ne","Dambou","Niger","West Africa","main","/tools/afrokitchen/recipes/dambou-ne/","millet flour, dried moringa leaf powder, water, groundnut oil, salt","Editorial food photography of Dambou, a traditional Niger main, plated naturally with millet flour, dried moringa leaf powder, water, groundnut oil, salt visible, warm natural light, realistic texture, appetizing but not over-styled, no text, no logo."
"jollof-rice-ng","Jollof Rice","Nigeria","West Africa","main","/tools/afrokitchen/recipes/jollof-rice-ng/","long-grain parboiled rice, Roma tomatoes, red bell peppers, scotch bonnet peppers, onions, vegetable oil","Editorial food photography of Jollof Rice, a traditional Nigeria main, plated naturally with long-grain parboiled rice, Roma tomatoes, red bell peppers, scotch bonnet peppers, onions, vegetable oil visible, warm natural light, realistic texture, appetizing but not over-styled, no text, no logo."
"poulet-muambe-cg","Poulet à la Muambé","Republic of Congo","Central Africa","stew","/tools/afrokitchen/recipes/poulet-muambe-cg/","chicken pieces, palm butter, okra, tomatoes, onion, garlic","Editorial food photography of Poulet à la Muambé, a traditional Republic of Congo stew, plated naturally with chicken pieces, palm butter, okra, tomatoes, onion, garlic visible, warm natural light, realistic texture, appetizing but not over-styled, no text, no logo."
"calulu-st","Calulu","São Tomé and Príncipe","West Africa","stew","/tools/afrokitchen/recipes/calulu-st/","smoked fish, dried fish, fresh okra, tomatoes, eggplant, palm oil","Editorial food photography of Calulu, a traditional São Tomé and Príncipe stew, plated naturally with smoked fish, dried fish, fresh okra, tomatoes, eggplant, palm oil visible, warm natural light, realistic texture, appetizing but not over-styled, no text, no logo."
"chocolate-quente-st","Sao Tomean Hot Chocolate","São Tomé and Príncipe","West Africa","drink","/tools/afrokitchen/recipes/chocolate-quente-st/","dark chocolate or cacao mass, whole milk, sugar, cinnamon, vanilla extract","Editorial food photography of Sao Tomean Hot Chocolate, a traditional São Tomé and Príncipe drink, plated naturally with dark chocolate or cacao mass, whole milk, sugar, cinnamon, vanilla extract visible, warm natural light, realistic texture, appetizing but not over-styled, no text, no logo."
"thieboudienne-sn","Thieboudienne","Senegal","West Africa","main","/tools/afrokitchen/recipes/thieboudienne-sn/","whole grouper or sea bass, parsley, garlic, broken rice, tomato paste, cassava","Editorial food photography of Thieboudienne, a traditional Senegal main, plated naturally with whole grouper or sea bass, parsley, garlic, broken rice, tomato paste, cassava visible, warm natural light, realistic texture, appetizing but not over-styled, no text, no logo."
"cassava-leaf-stew-sl","Cassava Leaf Stew","Sierra Leone","West Africa","stew","/tools/afrokitchen/recipes/cassava-leaf-stew-sl/","cassava leaves, palm oil, smoked fish, beef or chicken, ground peanuts, onions","Editorial food photography of Cassava Leaf Stew, a traditional Sierra Leone stew, plated naturally with cassava leaves, palm oil, smoked fish, beef or chicken, ground peanuts, onions visible, warm natural light, realistic texture, appetizing but not over-styled, no text, no logo."
"bobotie-za","Bobotie","South Africa","Southern Africa","main","/tools/afrokitchen/recipes/bobotie-za/","beef mince, onions, white bread, curry powder, turmeric, fruit chutney","Editorial food photography of Bobotie, a traditional South Africa main, plated naturally with beef mince, onions, white bread, curry powder, turmeric, fruit chutney visible, warm natural light, realistic texture, appetizing but not over-styled, no text, no logo."
"bunny-chow-za","Bunny Chow","South Africa","Southern Africa","main","/tools/afrokitchen/recipes/bunny-chow-za/","lamb shoulder, vegetable oil, onions, Durban curry powder, garam masala, canned tomatoes","Editorial food photography of Bunny Chow, a traditional South Africa main, plated naturally with lamb shoulder, vegetable oil, onions, Durban curry powder, garam masala, canned tomatoes visible, warm natural light, realistic texture, appetizing but not over-styled, no text, no logo."
"ful-medames-sd","Ful Medames","Sudan","North Africa","main","/tools/afrokitchen/recipes/ful-medames-sd/","dried fava beans, sesame oil, lemons, ground cumin, garlic, onion","Editorial food photography of Ful Medames, a traditional Sudan main, plated naturally with dried fava beans, sesame oil, lemons, ground cumin, garlic, onion visible, warm natural light, realistic texture, appetizing but not over-styled, no text, no logo."
"koklo-meme-tg","Koklo Meme","Togo","West Africa","main","/tools/afrokitchen/recipes/koklo-meme-tg/","chicken, fresh ginger, garlic, scotch bonnet peppers, limes, vegetable oil","Editorial food photography of Koklo Meme, a traditional Togo main, plated naturally with chicken, fresh ginger, garlic, scotch bonnet peppers, limes, vegetable oil visible, warm natural light, realistic texture, appetizing but not over-styled, no text, no logo."
"lablabi-tn","Lablabi","Tunisia","North Africa","breakfast","/tools/afrokitchen/recipes/lablabi-tn/","dried chickpeas, garlic, harissa paste, ground cumin, extra virgin olive oil, stale crusty bread","Editorial food photography of Lablabi, a traditional Tunisia breakfast, plated naturally with dried chickpeas, garlic, harissa paste, ground cumin, extra virgin olive oil, stale crusty bread visible, warm natural light, realistic texture, appetizing but not over-styled, no text, no logo."
"sahrawi-camel-stew-eh","Sahrawi Camel Meat Stew","Western Sahara","North Africa","stew","/tools/afrokitchen/recipes/sahrawi-camel-stew-eh/","camel meat, onions, tomatoes, vegetable oil, ground cumin, ground coriander","Editorial food photography of Sahrawi Camel Meat Stew, a traditional Western Sahara stew, plated naturally with camel meat, onions, tomatoes, vegetable oil, ground cumin, ground coriander visible, warm natural light, realistic texture, appetizing but not over-styled, no text, no logo."
"sahrawi-mint-tea-eh","Sahrawi Mint Tea","Western Sahara","North Africa","drink","/tools/afrokitchen/recipes/sahrawi-mint-tea-eh/","Chinese gunpowder green tea, sugar, fresh mint, water","Editorial food photography of Sahrawi Mint Tea, a traditional Western Sahara drink, plated naturally with Chinese gunpowder green tea, sugar, fresh mint, water visible, warm natural light, realistic texture, appetizing but not over-styled, no text, no logo."
"dovi-zw","Dovi","Zimbabwe","Southern Africa","stew","/tools/afrokitchen/recipes/dovi-zw/","chicken pieces, peanut butter, onions, tomatoes, vegetable oil, water","Editorial food photography of Dovi, a traditional Zimbabwe stew, plated naturally with chicken pieces, peanut butter, onions, tomatoes, vegetable oil, water visible, warm natural light, realistic texture, appetizing but not over-styled, no text, no logo."
"sadza-nenyama-zw","Sadza neNyama","Zimbabwe","Southern Africa","main","/tools/afrokitchen/recipes/sadza-nenyama-zw/","beef stewing meat, onions, tomatoes, vegetable oil, salt, water","Editorial food photography of Sadza neNyama, a traditional Zimbabwe main, plated naturally with beef stewing meat, onions, tomatoes, vegetable oil, salt, water visible, warm natural light, realistic texture, appetizing but not over-styled, no text, no logo."
"chakhchoukha-dz","Chakhchoukha","Algeria","North Africa","stew","/tools/afrokitchen/recipes/chakhchoukha-dz/","vegetable oil, lamb, chickpeas, onions, tomato paste, ras el hanout","Editorial food photography of Chakhchoukha, a traditional Algeria stew, plated naturally with vegetable oil, lamb, chickpeas, onions, tomato paste, ras el hanout visible, warm natural light, realistic texture, appetizing but not over-styled, no text, no logo."
"makroud-dz","Makroud","Algeria","North Africa","dessert","/tools/afrokitchen/recipes/makroud-dz/","coarse or medium semolina, melted butter, orange blossom water, salt, pitted dates, ground cinnamon","Editorial food photography of Makroud, a traditional Algeria dessert, plated naturally with coarse or medium semolina, melted butter, orange blossom water, salt, pitted dates, ground cinnamon visible, warm natural light, realistic texture, appetizing but not over-styled, no text, no logo."
"wagasi-grille-bj","Grilled Wagasi","Benin","West Africa","snack","/tools/afrokitchen/recipes/wagasi-grille-bj/","wagasi (West African soft cheese), vegetable oil, scotch bonnet peppers, onion, lime","Editorial food photography of Grilled Wagasi, a traditional Benin snack, plated naturally with wagasi (West African soft cheese), vegetable oil, scotch bonnet peppers, onion, lime visible, warm natural light, realistic texture, appetizing but not over-styled, no text, no logo."
"morogo-bw","Morogo","Botswana","Southern Africa","side","/tools/afrokitchen/recipes/morogo-bw/","morogo or wild spinach, onion, tomatoes, peanut powder, vegetable oil, salt","Editorial food photography of Morogo, a traditional Botswana side, plated naturally with morogo or wild spinach, onion, tomatoes, peanut powder, vegetable oil, salt visible, warm natural light, realistic texture, appetizing but not over-styled, no text, no logo."
"vetkoek-bw","Vetkoek with Mince","Botswana","Southern Africa","snack","/tools/afrokitchen/recipes/vetkoek-bw/","bread flour, instant yeast, sugar, salt, warm water, vegetable oil","Editorial food photography of Vetkoek with Mince, a traditional Botswana snack, plated naturally with bread flour, instant yeast, sugar, salt, warm water, vegetable oil visible, warm natural light, realistic texture, appetizing but not over-styled, no text, no logo."
"babenda-bf","Babenda","Burkina Faso","West Africa","main","/tools/afrokitchen/recipes/babenda-bf/","rice, leafy greens, soumbala (dawadawa), dried fish powder, pounded peanuts, shea butter or vegetable oil","Editorial food photography of Babenda, a traditional Burkina Faso main, plated naturally with rice, leafy greens, soumbala (dawadawa), dried fish powder, pounded peanuts, shea butter or vegetable oil visible, warm natural light, realistic texture, appetizing but not over-styled, no text, no logo."
"poulet-bicyclette-bf","Poulet Bicyclette","Burkina Faso","West Africa","main","/tools/afrokitchen/recipes/poulet-bicyclette-bf/","free-range chicken, Dijon mustard, limes, garlic, cayenne pepper, vegetable oil","Editorial food photography of Poulet Bicyclette, a traditional Burkina Faso main, plated naturally with free-range chicken, Dijon mustard, limes, garlic, cayenne pepper, vegetable oil visible, warm natural light, realistic texture, appetizing but not over-styled, no text, no logo."
"burundian-isombe","Burundian Isombe","Burundi","East Africa","stew","/tools/afrokitchen/recipes/burundian-isombe/","cassava leaves, dried fish, palm oil, onion, garlic, tomatoes","Editorial food photography of Burundian Isombe, a traditional Burundi stew, plated naturally with cassava leaves, dried fish, palm oil, onion, garlic, tomatoes visible, warm natural light, realistic texture, appetizing but not over-styled, no text, no logo."
"mukeke","Mukeke","Burundi","East Africa","main","/tools/afrokitchen/recipes/mukeke/","mukeke or whole tilapia, lemons, garlic, ginger, vegetable oil, salt","Editorial food photography of Mukeke, a traditional Burundi main, plated naturally with mukeke or whole tilapia, lemons, garlic, ginger, vegetable oil, salt visible, warm natural light, realistic texture, appetizing but not over-styled, no text, no logo."
"ubugari","Ubugari","Burundi","East Africa","side","/tools/afrokitchen/recipes/ubugari/","cassava flour, water, salt, oil or butter, red kidney beans, onion","Editorial food photography of Ubugari, a traditional Burundi side, plated naturally with cassava flour, water, salt, oil or butter, red kidney beans, onion visible, warm natural light, realistic texture, appetizing but not over-styled, no text, no logo."
"eru-cm","Eru","Cameroon","Central Africa","stew","/tools/afrokitchen/recipes/eru-cm/","eru leaves, waterleaf, smoked fish, cow skin, palm oil, dried crayfish","Editorial food photography of Eru, a traditional Cameroon stew, plated naturally with eru leaves, waterleaf, smoked fish, cow skin, palm oil, dried crayfish visible, warm natural light, realistic texture, appetizing but not over-styled, no text, no logo."
"canja-cv","Canja de Galinha","Cape Verde","West Africa","soup","/tools/afrokitchen/recipes/canja-cv/","chicken pieces, rice, carrots, onion, limes, garlic","Editorial food photography of Canja de Galinha, a traditional Cape Verde soup, plated naturally with chicken pieces, rice, carrots, onion, limes, garlic visible, warm natural light, realistic texture, appetizing but not over-styled, no text, no logo."
"pastel-diablo-cv","Pastel com Diablo Dentro","Cape Verde","West Africa","snack","/tools/afrokitchen/recipes/pastel-diablo-cv/","sweet potatoes, cornmeal, canned tuna, tomatoes, onion, malagueta peppers","Editorial food photography of Pastel com Diablo Dentro, a traditional Cape Verde snack, plated naturally with sweet potatoes, cornmeal, canned tuna, tomatoes, onion, malagueta peppers visible, warm natural light, realistic texture, appetizing but not over-styled, no text, no logo."
"kanda-ti-nyma-cf","Kanda ti Nyma","Central African Republic","Central Africa","main","/tools/afrokitchen/recipes/kanda-ti-nyma-cf/","beef mince, eggs, onion, salt, garlic, chile pepper","Editorial food photography of Kanda ti Nyma, a traditional Central African Republic main, plated naturally with beef mince, eggs, onion, salt, garlic, chile pepper visible, warm natural light, realistic texture, appetizing but not over-styled, no text, no logo."
"sauce-graine-cf","Sauce Graine","Central African Republic","Central Africa","sauce","/tools/afrokitchen/recipes/sauce-graine-cf/","palm fruit pulp, smoked fish, tomatoes, onion, scotch bonnet peppers, water","Editorial food photography of Sauce Graine, a traditional Central African Republic sauce, plated naturally with palm fruit pulp, smoked fish, tomatoes, onion, scotch bonnet peppers, water visible, warm natural light, realistic texture, appetizing but not over-styled, no text, no logo."
"boule-td","Boule","Chad","Central Africa","side","/tools/afrokitchen/recipes/boule-td/","millet flour, water, salt","Editorial food photography of Boule, a traditional Chad side, plated naturally with millet flour, water, salt visible, warm natural light, realistic texture, appetizing but not over-styled, no text, no logo."
"la-bouillie-td","La Bouillie","Chad","Central Africa","breakfast","/tools/afrokitchen/recipes/la-bouillie-td/","millet flour, water, sugar, milk, vanilla extract, lemon","Editorial food photography of La Bouillie, a traditional Chad breakfast, plated naturally with millet flour, water, sugar, milk, vanilla extract, lemon visible, warm natural light, realistic texture, appetizing but not over-styled, no text, no logo."
"langouste-vanille","Langouste a la Vanille","Comoros","East Africa","main","/tools/afrokitchen/recipes/langouste-vanille/","lobster tails, coconut cream, vanilla beans, shallots, garlic, butter","Editorial food photography of Langouste a la Vanille, a traditional Comoros main, plated naturally with lobster tails, coconut cream, vanilla beans, shallots, garlic, butter visible, warm natural light, realistic texture, appetizing but not over-styled, no text, no logo."
"mkatra-foutra","Mkatra Foutra","Comoros","East Africa","breakfast","/tools/afrokitchen/recipes/mkatra-foutra/","all-purpose flour, coconut milk, eggs, sugar, instant yeast, cardamom","Editorial food photography of Mkatra Foutra, a traditional Comoros breakfast, plated naturally with all-purpose flour, coconut milk, eggs, sugar, instant yeast, cardamom visible, warm natural light, realistic texture, appetizing but not over-styled, no text, no logo."
"pilao-nazi","Pilao ya Nazi","Comoros","East Africa","side","/tools/afrokitchen/recipes/pilao-nazi/","basmati rice, coconut milk, water, cardamom pods, cloves, cinnamon","Editorial food photography of Pilao ya Nazi, a traditional Comoros side, plated naturally with basmati rice, coconut milk, water, cardamom pods, cloves, cinnamon visible, warm natural light, realistic texture, appetizing but not over-styled, no text, no logo."
"liboke-ya-mbika-cd","Liboke ya Mbika","Democratic Republic of Congo","Central Africa","main","/tools/afrokitchen/recipes/liboke-ya-mbika-cd/","pumpkin seeds, tomatoes, onion, palm oil, scotch bonnet pepper, banana leaves","Editorial food photography of Liboke ya Mbika, a traditional Democratic Republic of Congo main, plated naturally with pumpkin seeds, tomatoes, onion, palm oil, scotch bonnet pepper, banana leaves visible, warm natural light, realistic texture, appetizing but not over-styled, no text, no logo."
"saka-saka-cd","Saka-Saka","Democratic Republic of Congo","Central Africa","side","/tools/afrokitchen/recipes/saka-saka-cd/","cassava leaves, dried fish, palm oil, onion, garlic, stock cube","Editorial food photography of Saka-Saka, a traditional Democratic Republic of Congo side, plated naturally with cassava leaves, dried fish, palm oil, onion, garlic, stock cube visible, warm natural light, realistic texture, appetizing but not over-styled, no text, no logo."
"djiboutian-laxoox","Djiboutian Laxoox","Djibouti","East Africa","breakfast","/tools/afrokitchen/recipes/djiboutian-laxoox/","all-purpose flour, sorghum flour, warm water, instant yeast, sugar, salt","Editorial food photography of Djiboutian Laxoox, a traditional Djibouti breakfast, plated naturally with all-purpose flour, sorghum flour, warm water, instant yeast, sugar, salt visible, warm natural light, realistic texture, appetizing but not over-styled, no text, no logo."
"fah-fah","Fah-Fah","Djibouti","East Africa","soup","/tools/afrokitchen/recipes/fah-fah/","goat meat, onions, garlic, carrots, potatoes, green chili","Editorial food photography of Fah-Fah, a traditional Djibouti soup, plated naturally with goat meat, onions, garlic, carrots, potatoes, green chili visible, warm natural light, realistic texture, appetizing but not over-styled, no text, no logo."
"skoudehkaris","Skoudehkaris","Djibouti","East Africa","main","/tools/afrokitchen/recipes/skoudehkaris/","basmati rice, lamb shoulder, onions, garlic, tomato, cardamom pods","Editorial food photography of Skoudehkaris, a traditional Djibouti main, plated naturally with basmati rice, lamb shoulder, onions, garlic, tomato, cardamom pods visible, warm natural light, realistic texture, appetizing but not over-styled, no text, no logo."
"ful-medames-eg","Ful Medames","Egypt","North Africa","breakfast","/tools/afrokitchen/recipes/ful-medames-eg/","dried fava beans, garlic, lemons, ground cumin, extra virgin olive oil, fresh parsley","Editorial food photography of Ful Medames, a traditional Egypt breakfast, plated naturally with dried fava beans, garlic, lemons, ground cumin, extra virgin olive oil, fresh parsley visible, warm natural light, realistic texture, appetizing but not over-styled, no text, no logo."
"molokhia-eg","Molokhia","Egypt","North Africa","soup","/tools/afrokitchen/recipes/molokhia-eg/","molokhia leaves, chicken broth, garlic, ground coriander, ghee, chicken","Editorial food photography of Molokhia, a traditional Egypt soup, plated naturally with molokhia leaves, chicken broth, garlic, ground coriander, ghee, chicken visible, warm natural light, realistic texture, appetizing but not over-styled, no text, no logo."
"jollof-rice-gq","Jollof Rice Equatoguineano","Equatorial Guinea","Central Africa","main","/tools/afrokitchen/recipes/jollof-rice-gq/","long-grain rice, tomatoes, onions, tomato paste, palm oil, smoked paprika","Editorial food photography of Jollof Rice Equatoguineano, a traditional Equatorial Guinea main, plated naturally with long-grain rice, tomatoes, onions, tomato paste, palm oil, smoked paprika visible, warm natural light, realistic texture, appetizing but not over-styled, no text, no logo."
"pepesoup-gq","Pepesoup","Equatorial Guinea","Central Africa","soup","/tools/afrokitchen/recipes/pepesoup-gq/","firm white fish, onion, scotch bonnet peppers, calabash nutmeg, alligator pepper, garlic","Editorial food photography of Pepesoup, a traditional Equatorial Guinea soup, plated naturally with firm white fish, onion, scotch bonnet peppers, calabash nutmeg, alligator pepper, garlic visible, warm natural light, realistic texture, appetizing but not over-styled, no text, no logo."
"eritrean-ful","Eritrean Ful Medames","Eritrea","East Africa","breakfast","/tools/afrokitchen/recipes/eritrean-ful/","fava beans, olive oil, garlic, lemon, cumin, berbere spice","Editorial food photography of Eritrean Ful Medames, a traditional Eritrea breakfast, plated naturally with fava beans, olive oil, garlic, lemon, cumin, berbere spice visible, warm natural light, realistic texture, appetizing but not over-styled, no text, no logo."
"eritrean-shiro","Eritrean Shiro","Eritrea","East Africa","stew","/tools/afrokitchen/recipes/eritrean-shiro/","shiro powder, onion, garlic, niter kibbeh, berbere spice, tomato paste","Editorial food photography of Eritrean Shiro, a traditional Eritrea stew, plated naturally with shiro powder, onion, garlic, niter kibbeh, berbere spice, tomato paste visible, warm natural light, realistic texture, appetizing but not over-styled, no text, no logo."
"zigini","Zigini with Injera","Eritrea","East Africa","stew","/tools/afrokitchen/recipes/zigini/","beef chuck, red onions, garlic, ginger, berbere spice, niter kibbeh","Editorial food photography of Zigini with Injera, a traditional Eritrea stew, plated naturally with beef chuck, red onions, garlic, ginger, berbere spice, niter kibbeh visible, warm natural light, realistic texture, appetizing but not over-styled, no text, no logo."
"incwancwa-sz","Incwancwa","Eswatini","Southern Africa","drink","/tools/afrokitchen/recipes/incwancwa-sz/","white maize meal, water, sorghum malt, sugar","Editorial food photography of Incwancwa, a traditional Eswatini drink, plated naturally with white maize meal, water, sorghum malt, sugar visible, warm natural light, realistic texture, appetizing but not over-styled, no text, no logo."
"injera","Injera","Ethiopia","East Africa","side","/tools/afrokitchen/recipes/injera/","teff flour, water, salt, baking powder, sourdough starter, vegetable oil","Editorial food photography of Injera, a traditional Ethiopia side, plated naturally with teff flour, water, salt, baking powder, sourdough starter, vegetable oil visible, warm natural light, realistic texture, appetizing but not over-styled, no text, no logo."
"kitfo","Kitfo","Ethiopia","East Africa","main","/tools/afrokitchen/recipes/kitfo/","beef tenderloin, niter kibbeh, mitmita spice, salt, cardamom, fresh cottage cheese","Editorial food photography of Kitfo, a traditional Ethiopia main, plated naturally with beef tenderloin, niter kibbeh, mitmita spice, salt, cardamom, fresh cottage cheese visible, warm natural light, realistic texture, appetizing but not over-styled, no text, no logo."
"poisson-fume-plantain-ga","Smoked Fish with Plantains","Gabon","Central Africa","main","/tools/afrokitchen/recipes/poisson-fume-plantain-ga/","smoked fish, ripe plantains, tomatoes, onion, vegetable oil, scotch bonnet pepper","Editorial food photography of Smoked Fish with Plantains, a traditional Gabon main, plated naturally with smoked fish, ripe plantains, tomatoes, onion, vegetable oil, scotch bonnet pepper visible, warm natural light, realistic texture, appetizing but not over-styled, no text, no logo."
"benachin-gm","Benachin","Gambia","West Africa","main","/tools/afrokitchen/recipes/benachin-gm/","rice, whole fish or fish steaks, tomato paste, sweet potato, cassava, onions","Editorial food photography of Benachin, a traditional Gambia main, plated naturally with rice, whole fish or fish steaks, tomato paste, sweet potato, cassava, onions visible, warm natural light, realistic texture, appetizing but not over-styled, no text, no logo."
"supakanja-gm","Supakanja","Gambia","West Africa","soup","/tools/afrokitchen/recipes/supakanja-gm/","fresh okra, palm oil, dried fish, fresh shrimp, onion, scotch bonnet peppers","Editorial food photography of Supakanja, a traditional Gambia soup, plated naturally with fresh okra, palm oil, dried fish, fresh shrimp, onion, scotch bonnet peppers visible, warm natural light, realistic texture, appetizing but not over-styled, no text, no logo."
"groundnut-soup-gh","Groundnut Soup","Ghana","West Africa","soup","/tools/afrokitchen/recipes/groundnut-soup-gh/","natural peanut butter, chicken pieces, tomatoes, onion, scotch bonnet peppers, fresh ginger","Editorial food photography of Groundnut Soup, a traditional Ghana soup, plated naturally with natural peanut butter, chicken pieces, tomatoes, onion, scotch bonnet peppers, fresh ginger visible, warm natural light, realistic texture, appetizing but not over-styled, no text, no logo."
"kelewele-gh","Kelewele","Ghana","West Africa","snack","/tools/afrokitchen/recipes/kelewele-gh/","ripe plantains, fresh ginger, cayenne pepper, ground cloves, ground nutmeg, vegetable oil","Editorial food photography of Kelewele, a traditional Ghana snack, plated naturally with ripe plantains, fresh ginger, cayenne pepper, ground cloves, ground nutmeg, vegetable oil visible, warm natural light, realistic texture, appetizing but not over-styled, no text, no logo."
"fouti-gn","Fouti","Guinea","West Africa","side","/tools/afrokitchen/recipes/fouti-gn/","fonio grain, water, butter or oil, salt","Editorial food photography of Fouti, a traditional Guinea side, plated naturally with fonio grain, water, butter or oil, salt visible, warm natural light, realistic texture, appetizing but not over-styled, no text, no logo."
"sauce-feuille-gn","Sauce Feuille","Guinea","West Africa","sauce","/tools/afrokitchen/recipes/sauce-feuille-gn/","sweet potato leaves, palm oil, smoked fish, ground peanuts, onion, hot peppers","Editorial food photography of Sauce Feuille, a traditional Guinea sauce, plated naturally with sweet potato leaves, palm oil, smoked fish, ground peanuts, onion, hot peppers visible, warm natural light, realistic texture, appetizing but not over-styled, no text, no logo."
"arroz-de-caju-gw","Cashew Rice","Guinea-Bissau","West Africa","side","/tools/afrokitchen/recipes/arroz-de-caju-gw/","long-grain rice, raw cashew nuts, onion, butter, water or chicken stock","Editorial food photography of Cashew Rice, a traditional Guinea-Bissau side, plated naturally with long-grain rice, raw cashew nuts, onion, butter, water or chicken stock visible, warm natural light, realistic texture, appetizing but not over-styled, no text, no logo."
"chabeu-gw","Chabéu","Guinea-Bissau","West Africa","main","/tools/afrokitchen/recipes/chabeu-gw/","rice, palm oil, dried fish, tomato paste, onions, eggplant","Editorial food photography of Chabéu, a traditional Guinea-Bissau main, plated naturally with rice, palm oil, dried fish, tomato paste, onions, eggplant visible, warm natural light, realistic texture, appetizing but not over-styled, no text, no logo."
"alloco-ci","Alloco","Ivory Coast","West Africa","snack","/tools/afrokitchen/recipes/alloco-ci/","very ripe plantains, vegetable oil, onions, tomatoes, scotch bonnet peppers","Editorial food photography of Alloco, a traditional Ivory Coast snack, plated naturally with very ripe plantains, vegetable oil, onions, tomatoes, scotch bonnet peppers visible, warm natural light, realistic texture, appetizing but not over-styled, no text, no logo."
"kenyan-pilau","Kenyan Pilau","Kenya","East Africa","main","/tools/afrokitchen/recipes/kenyan-pilau/","basmati rice, beef, onions, garlic, ginger, pilau masala","Editorial food photography of Kenyan Pilau, a traditional Kenya main, plated naturally with basmati rice, beef, onions, garlic, ginger, pilau masala visible, warm natural light, realistic texture, appetizing but not over-styled, no text, no logo."
"nyama-choma","Nyama Choma","Kenya","East Africa","main","/tools/afrokitchen/recipes/nyama-choma/","goat leg, lemons, coarse salt, black pepper, garlic, ginger","Editorial food photography of Nyama Choma, a traditional Kenya main, plated naturally with goat leg, lemons, coarse salt, black pepper, garlic, ginger visible, warm natural light, realistic texture, appetizing but not over-styled, no text, no logo."
"motoho-ls","Motoho","Lesotho","Southern Africa","breakfast","/tools/afrokitchen/recipes/motoho-ls/","sorghum flour, water, sorghum malt, sugar, salt","Editorial food photography of Motoho, a traditional Lesotho breakfast, plated naturally with sorghum flour, water, sorghum malt, sugar, salt visible, warm natural light, realistic texture, appetizing but not over-styled, no text, no logo."
"nyekoe-ls","Nyekoe","Lesotho","Southern Africa","stew","/tools/afrokitchen/recipes/nyekoe-ls/","dried sugar beans, dried maize kernels, onion, water, salt","Editorial food photography of Nyekoe, a traditional Lesotho stew, plated naturally with dried sugar beans, dried maize kernels, onion, water, salt visible, warm natural light, realistic texture, appetizing but not over-styled, no text, no logo."
"jollof-rice-lr","Liberian Jollof Rice","Liberia","West Africa","main","/tools/afrokitchen/recipes/jollof-rice-lr/","long-grain rice, chicken pieces, smoked turkey, tomato paste, tomatoes, onions","Editorial food photography of Liberian Jollof Rice, a traditional Liberia main, plated naturally with long-grain rice, chicken pieces, smoked turkey, tomato paste, tomatoes, onions visible, warm natural light, realistic texture, appetizing but not over-styled, no text, no logo."
"asida-ly","Asida","Libya","North Africa","dessert","/tools/afrokitchen/recipes/asida-ly/","all-purpose flour, water, honey, butter, salt","Editorial food photography of Asida, a traditional Libya dessert, plated naturally with all-purpose flour, water, honey, butter, salt visible, warm natural light, realistic texture, appetizing but not over-styled, no text, no logo."
"sharba-libiya-ly","Sharba Libiya","Libya","North Africa","soup","/tools/afrokitchen/recipes/sharba-libiya-ly/","lamb shoulder, orzo pasta, tomato paste, onion, ground cinnamon, turmeric","Editorial food photography of Sharba Libiya, a traditional Libya soup, plated naturally with lamb shoulder, orzo pasta, tomato paste, onion, ground cinnamon, turmeric visible, warm natural light, realistic texture, appetizing but not over-styled, no text, no logo."
"mofo-gasy","Mofo Gasy","Madagascar","East Africa","breakfast","/tools/afrokitchen/recipes/mofo-gasy/","rice flour, coconut milk, water, sugar, salt, instant yeast","Editorial food photography of Mofo Gasy, a traditional Madagascar breakfast, plated naturally with rice flour, coconut milk, water, sugar, salt, instant yeast visible, warm natural light, realistic texture, appetizing but not over-styled, no text, no logo."
"ravitoto","Ravitoto","Madagascar","East Africa","stew","/tools/afrokitchen/recipes/ravitoto/","cassava leaves, pork belly, coconut milk, onion, garlic, ginger","Editorial food photography of Ravitoto, a traditional Madagascar stew, plated naturally with cassava leaves, pork belly, coconut milk, onion, garlic, ginger visible, warm natural light, realistic texture, appetizing but not over-styled, no text, no logo."
"romazava","Romazava","Madagascar","East Africa","stew","/tools/afrokitchen/recipes/romazava/","beef chuck, mustard greens, spinach, watercress, tomatoes, onion","Editorial food photography of Romazava, a traditional Madagascar stew, plated naturally with beef chuck, mustard greens, spinach, watercress, tomatoes, onion visible, warm natural light, realistic texture, appetizing but not over-styled, no text, no logo."
"kondowole","Kondowole","Malawi","East Africa","main","/tools/afrokitchen/recipes/kondowole/","cassava flour, water, salt, mustard greens, tomatoes, onion","Editorial food photography of Kondowole, a traditional Malawi main, plated naturally with cassava flour, water, salt, mustard greens, tomatoes, onion visible, warm natural light, realistic texture, appetizing but not over-styled, no text, no logo."
"mandasi","Mandasi","Malawi","East Africa","breakfast","/tools/afrokitchen/recipes/mandasi/","all-purpose flour, coconut milk, sugar, instant yeast, cardamom, nutmeg","Editorial food photography of Mandasi, a traditional Malawi breakfast, plated naturally with all-purpose flour, coconut milk, sugar, instant yeast, cardamom, nutmeg visible, warm natural light, realistic texture, appetizing but not over-styled, no text, no logo."
"nsima-chambo","Nsima with Chambo","Malawi","East Africa","main","/tools/afrokitchen/recipes/nsima-chambo/","white maize flour, water, whole tilapia, lemons, garlic, salt","Editorial food photography of Nsima with Chambo, a traditional Malawi main, plated naturally with white maize flour, water, whole tilapia, lemons, garlic, salt visible, warm natural light, realistic texture, appetizing but not over-styled, no text, no logo."
"fakoye-ml","Fakoye","Mali","West Africa","soup","/tools/afrokitchen/recipes/fakoye-ml/","fresh okra, dried fish, dawadawa (soumbala), leafy greens, onion, palm oil","Editorial food photography of Fakoye, a traditional Mali soup, plated naturally with fresh okra, dried fish, dawadawa (soumbala), leafy greens, onion, palm oil visible, warm natural light, realistic texture, appetizing but not over-styled, no text, no logo."
"toh-ml","Toh","Mali","West Africa","side","/tools/afrokitchen/recipes/toh-ml/","millet flour, water, salt","Editorial food photography of Toh, a traditional Mali side, plated naturally with millet flour, water, salt visible, warm natural light, realistic texture, appetizing but not over-styled, no text, no logo."
"lakh-mr","Lakh","Mauritania","West Africa","dessert","/tools/afrokitchen/recipes/lakh-mr/","millet couscous, fermented milk (lait caillé), sugar, butter, vanilla extract","Editorial food photography of Lakh, a traditional Mauritania dessert, plated naturally with millet couscous, fermented milk (lait caillé), sugar, butter, vanilla extract visible, warm natural light, realistic texture, appetizing but not over-styled, no text, no logo."
"mechoui-mr","Mechoui","Mauritania","West Africa","main","/tools/afrokitchen/recipes/mechoui-mr/","leg of lamb, butter, ground cumin, ground coriander, garlic, paprika","Editorial food photography of Mechoui, a traditional Mauritania main, plated naturally with leg of lamb, butter, ground cumin, ground coriander, garlic, paprika visible, warm natural light, realistic texture, appetizing but not over-styled, no text, no logo."
"dholl-puri","Dholl Puri","Mauritius","East Africa","snack","/tools/afrokitchen/recipes/dholl-puri/","all-purpose flour, warm water, vegetable oil, salt, yellow split peas, cumin","Editorial food photography of Dholl Puri, a traditional Mauritius snack, plated naturally with all-purpose flour, warm water, vegetable oil, salt, yellow split peas, cumin visible, warm natural light, realistic texture, appetizing but not over-styled, no text, no logo."
"gateau-piment","Gateau Piment","Mauritius","East Africa","snack","/tools/afrokitchen/recipes/gateau-piment/","yellow split peas, green chilies, onion, garlic, cumin, turmeric","Editorial food photography of Gateau Piment, a traditional Mauritius snack, plated naturally with yellow split peas, green chilies, onion, garlic, cumin, turmeric visible, warm natural light, realistic texture, appetizing but not over-styled, no text, no logo."
"rougaille","Rougaille","Mauritius","East Africa","main","/tools/afrokitchen/recipes/rougaille/","pork sausages, tomatoes, onions, garlic, ginger, thyme","Editorial food photography of Rougaille, a traditional Mauritius main, plated naturally with pork sausages, tomatoes, onions, garlic, ginger, thyme visible, warm natural light, realistic texture, appetizing but not over-styled, no text, no logo."
"harira-ma","Harira","Morocco","North Africa","soup","/tools/afrokitchen/recipes/harira-ma/","lamb shoulder, brown lentils, chickpeas, canned crushed tomatoes, onion, fresh cilantro","Editorial food photography of Harira, a traditional Morocco soup, plated naturally with lamb shoulder, brown lentils, chickpeas, canned crushed tomatoes, onion, fresh cilantro visible, warm natural light, realistic texture, appetizing but not over-styled, no text, no logo."
"msemen-ma","Msemen","Morocco","North Africa","breakfast","/tools/afrokitchen/recipes/msemen-ma/","all-purpose flour, fine semolina, salt, sugar, dry yeast, warm water","Editorial food photography of Msemen, a traditional Morocco breakfast, plated naturally with all-purpose flour, fine semolina, salt, sugar, dry yeast, warm water visible, warm natural light, realistic texture, appetizing but not over-styled, no text, no logo."
"caril-de-camarao","Caril de Camarao","Mozambique","East Africa","main","/tools/afrokitchen/recipes/caril-de-camarao/","large prawns, onion, garlic, ginger, tomatoes, coconut milk","Editorial food photography of Caril de Camarao, a traditional Mozambique main, plated naturally with large prawns, onion, garlic, ginger, tomatoes, coconut milk visible, warm natural light, realistic texture, appetizing but not over-styled, no text, no logo."
"matapa","Matapa","Mozambique","East Africa","stew","/tools/afrokitchen/recipes/matapa/","cassava leaves, raw peanuts, coconut milk, garlic, onion, olive oil","Editorial food photography of Matapa, a traditional Mozambique stew, plated naturally with cassava leaves, raw peanuts, coconut milk, garlic, onion, olive oil visible, warm natural light, realistic texture, appetizing but not over-styled, no text, no logo."
"piri-piri-chicken","Piri Piri Chicken","Mozambique","East Africa","main","/tools/afrokitchen/recipes/piri-piri-chicken/","whole chicken, piri piri chilies, garlic, lemons, paprika, oregano","Editorial food photography of Piri Piri Chicken, a traditional Mozambique main, plated naturally with whole chicken, piri piri chilies, garlic, lemons, paprika, oregano visible, warm natural light, realistic texture, appetizing but not over-styled, no text, no logo."
"kapana-na","Kapana","Namibia","Southern Africa","snack","/tools/afrokitchen/recipes/kapana-na/","beef sirloin or rump, vegetable oil, salt, tomatoes, onion, green chillies","Editorial food photography of Kapana, a traditional Namibia snack, plated naturally with beef sirloin or rump, vegetable oil, salt, tomatoes, onion, green chillies visible, warm natural light, realistic texture, appetizing but not over-styled, no text, no logo."
"oshifima-na","Oshifima","Namibia","Southern Africa","side","/tools/afrokitchen/recipes/oshifima-na/","pearl millet flour, water, salt","Editorial food photography of Oshifima, a traditional Namibia side, plated naturally with pearl millet flour, water, salt visible, warm natural light, realistic texture, appetizing but not over-styled, no text, no logo."
"kilishi-ne","Kilishi","Niger","West Africa","snack","/tools/afrokitchen/recipes/kilishi-ne/","beef topside, roasted groundnut paste, cayenne pepper, ground ginger, onion powder, seasoning cubes","Editorial food photography of Kilishi, a traditional Niger snack, plated naturally with beef topside, roasted groundnut paste, cayenne pepper, ground ginger, onion powder, seasoning cubes visible, warm natural light, realistic texture, appetizing but not over-styled, no text, no logo."
"tuwo-masara-ne","Tuwo Masara","Niger","West Africa","side","/tools/afrokitchen/recipes/tuwo-masara-ne/","fine maize flour, water, salt","Editorial food photography of Tuwo Masara, a traditional Niger side, plated naturally with fine maize flour, water, salt visible, warm natural light, realistic texture, appetizing but not over-styled, no text, no logo."
"egusi-soup-ng","Egusi Soup","Nigeria","West Africa","soup","/tools/afrokitchen/recipes/egusi-soup-ng/","ground egusi (melon seeds), palm oil, assorted beef and tripe, stockfish, chopped spinach or ugu leaves, onions","Editorial food photography of Egusi Soup, a traditional Nigeria soup, plated naturally with ground egusi (melon seeds), palm oil, assorted beef and tripe, stockfish, chopped spinach or ugu leaves, onions visible, warm natural light, realistic texture, appetizing but not over-styled, no text, no logo."
"suya-ng","Suya","Nigeria","West Africa","snack","/tools/afrokitchen/recipes/suya-ng/","beef sirloin, roasted groundnut powder, cayenne pepper, ground ginger, onion powder, smoked paprika","Editorial food photography of Suya, a traditional Nigeria snack, plated naturally with beef sirloin, roasted groundnut powder, cayenne pepper, ground ginger, onion powder, smoked paprika visible, warm natural light, realistic texture, appetizing but not over-styled, no text, no logo."
"mbisi-ye-kalou-cg","Mbisi ye Kalou","Republic of Congo","Central Africa","main","/tools/afrokitchen/recipes/mbisi-ye-kalou-cg/","tilapia, vegetable oil, salt, bird's eye chillies, onion, lemons","Editorial food photography of Mbisi ye Kalou, a traditional Republic of Congo main, plated naturally with tilapia, vegetable oil, salt, bird's eye chillies, onion, lemons visible, warm natural light, realistic texture, appetizing but not over-styled, no text, no logo."
"saka-saka-poisson-cg","Saka-Saka au Poisson Fumé","Republic of Congo","Central Africa","side","/tools/afrokitchen/recipes/saka-saka-poisson-cg/","cassava leaves, smoked fish, palm oil, peanut butter, onion, garlic","Editorial food photography of Saka-Saka au Poisson Fumé, a traditional Republic of Congo side, plated naturally with cassava leaves, smoked fish, palm oil, peanut butter, onion, garlic visible, warm natural light, realistic texture, appetizing but not over-styled, no text, no logo."
"igisafuria","Igisafuria","Rwanda","East Africa","stew","/tools/afrokitchen/recipes/igisafuria/","green plantains, beef, carrots, potatoes, green beans, onions","Editorial food photography of Igisafuria, a traditional Rwanda stew, plated naturally with green plantains, beef, carrots, potatoes, green beans, onions visible, warm natural light, realistic texture, appetizing but not over-styled, no text, no logo."
"isombe","Isombe","Rwanda","East Africa","stew","/tools/afrokitchen/recipes/isombe/","cassava leaves, eggplant, spinach, onion, garlic, palm oil","Editorial food photography of Isombe, a traditional Rwanda stew, plated naturally with cassava leaves, eggplant, spinach, onion, garlic, palm oil visible, warm natural light, realistic texture, appetizing but not over-styled, no text, no logo."
"rwandan-brochettes","Rwandan Brochettes","Rwanda","East Africa","main","/tools/afrokitchen/recipes/rwandan-brochettes/","goat meat, garlic, ginger, vegetable oil, lemon, salt","Editorial food photography of Rwandan Brochettes, a traditional Rwanda main, plated naturally with goat meat, garlic, ginger, vegetable oil, lemon, salt visible, warm natural light, realistic texture, appetizing but not over-styled, no text, no logo."
"angu-de-banana-st","Angú de Banana","São Tomé and Príncipe","West Africa","side","/tools/afrokitchen/recipes/angu-de-banana-st/","green bananas, palm oil, salt, water","Editorial food photography of Angú de Banana, a traditional São Tomé and Príncipe side, plated naturally with green bananas, palm oil, salt, water visible, warm natural light, realistic texture, appetizing but not over-styled, no text, no logo."
"yassa-poulet-sn","Chicken Yassa","Senegal","West Africa","main","/tools/afrokitchen/recipes/yassa-poulet-sn/","chicken pieces, onions, lemons, Dijon mustard, vegetable oil, garlic","Editorial food photography of Chicken Yassa, a traditional Senegal main, plated naturally with chicken pieces, onions, lemons, Dijon mustard, vegetable oil, garlic visible, warm natural light, realistic texture, appetizing but not over-styled, no text, no logo."
"mafe-sn","Mafe","Senegal","West Africa","stew","/tools/afrokitchen/recipes/mafe-sn/","beef chuck, natural peanut butter, tomato paste, sweet potatoes, carrot, onion","Editorial food photography of Mafe, a traditional Senegal stew, plated naturally with beef chuck, natural peanut butter, tomato paste, sweet potatoes, carrot, onion visible, warm natural light, realistic texture, appetizing but not over-styled, no text, no logo."
"grilled-fish-creole","Grilled Fish Creole","Seychelles","East Africa","main","/tools/afrokitchen/recipes/grilled-fish-creole/","red snapper fillets, olive oil, lemon, salt, tomatoes, onion","Editorial food photography of Grilled Fish Creole, a traditional Seychelles main, plated naturally with red snapper fillets, olive oil, lemon, salt, tomatoes, onion visible, warm natural light, realistic texture, appetizing but not over-styled, no text, no logo."
"ladob","Ladob","Seychelles","East Africa","dessert","/tools/afrokitchen/recipes/ladob/","ripe plantains, sweet potatoes, coconut milk, sugar, vanilla bean, nutmeg","Editorial food photography of Ladob, a traditional Seychelles dessert, plated naturally with ripe plantains, sweet potatoes, coconut milk, sugar, vanilla bean, nutmeg visible, warm natural light, realistic texture, appetizing but not over-styled, no text, no logo."
"shark-chutney","Shark Chutney","Seychelles","East Africa","sauce","/tools/afrokitchen/recipes/shark-chutney/","shark fillet, bilimbi, limes, onion, garlic, ginger","Editorial food photography of Shark Chutney, a traditional Seychelles sauce, plated naturally with shark fillet, bilimbi, limes, onion, garlic, ginger visible, warm natural light, realistic texture, appetizing but not over-styled, no text, no logo."
"akara-sl","Akara","Sierra Leone","West Africa","breakfast","/tools/afrokitchen/recipes/akara-sl/","black-eyed peas, onion, scotch bonnet pepper, salt, vegetable oil","Editorial food photography of Akara, a traditional Sierra Leone breakfast, plated naturally with black-eyed peas, onion, scotch bonnet pepper, salt, vegetable oil visible, warm natural light, realistic texture, appetizing but not over-styled, no text, no logo."
"groundnut-stew-sl","Groundnut Stew","Sierra Leone","West Africa","stew","/tools/afrokitchen/recipes/groundnut-stew-sl/","smooth peanut butter, chicken pieces, tomatoes, onions, scotch bonnet peppers, vegetable oil","Editorial food photography of Groundnut Stew, a traditional Sierra Leone stew, plated naturally with smooth peanut butter, chicken pieces, tomatoes, onions, scotch bonnet peppers, vegetable oil visible, warm natural light, realistic texture, appetizing but not over-styled, no text, no logo."
"bariis-iskukaris","Bariis Iskukaris","Somalia","East Africa","main","/tools/afrokitchen/recipes/bariis-iskukaris/","basmati rice, goat meat, onions, garlic, xawaash spice mix, cumin","Editorial food photography of Bariis Iskukaris, a traditional Somalia main, plated naturally with basmati rice, goat meat, onions, garlic, xawaash spice mix, cumin visible, warm natural light, realistic texture, appetizing but not over-styled, no text, no logo."
"canjeero","Canjeero","Somalia","East Africa","breakfast","/tools/afrokitchen/recipes/canjeero/","all-purpose flour, cornmeal, warm water, instant yeast, sugar, salt","Editorial food photography of Canjeero, a traditional Somalia breakfast, plated naturally with all-purpose flour, cornmeal, warm water, instant yeast, sugar, salt visible, warm natural light, realistic texture, appetizing but not over-styled, no text, no logo."
"suqaar","Suqaar","Somalia","East Africa","main","/tools/afrokitchen/recipes/suqaar/","beef sirloin, onion, green pepper, red pepper, garlic, tomatoes","Editorial food photography of Suqaar, a traditional Somalia main, plated naturally with beef sirloin, onion, green pepper, red pepper, garlic, tomatoes visible, warm natural light, realistic texture, appetizing but not over-styled, no text, no logo."
"chakalaka-za","Chakalaka","South Africa","Southern Africa","side","/tools/afrokitchen/recipes/chakalaka-za/","vegetable oil, onions, garlic, curry powder, carrots, green pepper","Editorial food photography of Chakalaka, a traditional South Africa side, plated naturally with vegetable oil, onions, garlic, curry powder, carrots, green pepper visible, warm natural light, realistic texture, appetizing but not over-styled, no text, no logo."
"asida","Asida","South Sudan","East Africa","side","/tools/afrokitchen/recipes/asida/","wheat flour, water, salt, prepared mulah, ghee, honey","Editorial food photography of Asida, a traditional South Sudan side, plated naturally with wheat flour, water, salt, prepared mulah, ghee, honey visible, warm natural light, realistic texture, appetizing but not over-styled, no text, no logo."
"bamia","Bamia","South Sudan","East Africa","stew","/tools/afrokitchen/recipes/bamia/","lamb shoulder, okra, tomatoes, onions, garlic, tomato paste","Editorial food photography of Bamia, a traditional South Sudan stew, plated naturally with lamb shoulder, okra, tomatoes, onions, garlic, tomato paste visible, warm natural light, realistic texture, appetizing but not over-styled, no text, no logo."
"kisra-mulah","Kisra with Mulah","South Sudan","East Africa","main","/tools/afrokitchen/recipes/kisra-mulah/","sorghum flour, warm water, salt, beef, okra, onions","Editorial food photography of Kisra with Mulah, a traditional South Sudan main, plated naturally with sorghum flour, warm water, salt, beef, okra, onions visible, warm natural light, realistic texture, appetizing but not over-styled, no text, no logo."
"basbousa-sd","Basbousa","Sudan","North Africa","dessert","/tools/afrokitchen/recipes/basbousa-sd/","fine semolina, sugar, yoghurt, melted butter, baking powder, desiccated coconut","Editorial food photography of Basbousa, a traditional Sudan dessert, plated naturally with fine semolina, sugar, yoghurt, melted butter, baking powder, desiccated coconut visible, warm natural light, realistic texture, appetizing but not over-styled, no text, no logo."
"kisra-mullah-sd","Kisra with Mullah Tagalia","Sudan","North Africa","main","/tools/afrokitchen/recipes/kisra-mullah-sd/","sorghum flour, water, yeast, dried beef (sharmout), onions, peanut butter","Editorial food photography of Kisra with Mullah Tagalia, a traditional Sudan main, plated naturally with sorghum flour, water, yeast, dried beef (sharmout), onions, peanut butter visible, warm natural light, realistic texture, appetizing but not over-styled, no text, no logo."
"chipsi-mayai","Chipsi Mayai","Tanzania","East Africa","snack","/tools/afrokitchen/recipes/chipsi-mayai/","potatoes, vegetable oil, eggs, onion, tomato, green chili","Editorial food photography of Chipsi Mayai, a traditional Tanzania snack, plated naturally with potatoes, vegetable oil, eggs, onion, tomato, green chili visible, warm natural light, realistic texture, appetizing but not over-styled, no text, no logo."
"tanzanian-pilau","Tanzanian Pilau","Tanzania","East Africa","main","/tools/afrokitchen/recipes/tanzanian-pilau/","basmati rice, beef, potatoes, onions, garlic, cardamom pods","Editorial food photography of Tanzanian Pilau, a traditional Tanzania main, plated naturally with basmati rice, beef, potatoes, onions, garlic, cardamom pods visible, warm natural light, realistic texture, appetizing but not over-styled, no text, no logo."
"ugali-na-nyama","Ugali na Nyama","Tanzania","East Africa","main","/tools/afrokitchen/recipes/ugali-na-nyama/","white maize flour, water, beef chuck, onions, tomatoes, bell peppers","Editorial food photography of Ugali na Nyama, a traditional Tanzania main, plated naturally with white maize flour, water, beef chuck, onions, tomatoes, bell peppers visible, warm natural light, realistic texture, appetizing but not over-styled, no text, no logo."
"akoume-tg","Akoumé","Togo","West Africa","side","/tools/afrokitchen/recipes/akoume-tg/","fine corn flour, water, salt","Editorial food photography of Akoumé, a traditional Togo side, plated naturally with fine corn flour, water, salt visible, warm natural light, realistic texture, appetizing but not over-styled, no text, no logo."
"fufu-gboma-dessi-tg","Fufu with Gboma Dessi","Togo","West Africa","main","/tools/afrokitchen/recipes/fufu-gboma-dessi-tg/","yam, spinach or amaranth greens, tomatoes, smoked fish, palm oil, onions","Editorial food photography of Fufu with Gboma Dessi, a traditional Togo main, plated naturally with yam, spinach or amaranth greens, tomatoes, smoked fish, palm oil, onions visible, warm natural light, realistic texture, appetizing but not over-styled, no text, no logo."
"brik-tn","Brik a l'Oeuf","Tunisia","North Africa","snack","/tools/afrokitchen/recipes/brik-tn/","malsouka pastry, eggs, tuna in olive oil, capers, fresh parsley, onion","Editorial food photography of Brik a l'Oeuf, a traditional Tunisia snack, plated naturally with malsouka pastry, eggs, tuna in olive oil, capers, fresh parsley, onion visible, warm natural light, realistic texture, appetizing but not over-styled, no text, no logo."
"ojja-tn","Ojja with Merguez","Tunisia","North Africa","breakfast","/tools/afrokitchen/recipes/ojja-tn/","merguez sausages, eggs, canned chopped tomatoes, harissa paste, green pepper, garlic","Editorial food photography of Ojja with Merguez, a traditional Tunisia breakfast, plated naturally with merguez sausages, eggs, canned chopped tomatoes, harissa paste, green pepper, garlic visible, warm natural light, realistic texture, appetizing but not over-styled, no text, no logo."
"luwombo","Luwombo","Uganda","East Africa","stew","/tools/afrokitchen/recipes/luwombo/","chicken pieces, banana leaves, ground peanuts, onions, tomatoes, bell peppers","Editorial food photography of Luwombo, a traditional Uganda stew, plated naturally with chicken pieces, banana leaves, ground peanuts, onions, tomatoes, bell peppers visible, warm natural light, realistic texture, appetizing but not over-styled, no text, no logo."
"matoke","Matoke","Uganda","East Africa","main","/tools/afrokitchen/recipes/matoke/","green bananas, banana leaves, onions, tomatoes, bell peppers, garlic","Editorial food photography of Matoke, a traditional Uganda main, plated naturally with green bananas, banana leaves, onions, tomatoes, bell peppers, garlic visible, warm natural light, realistic texture, appetizing but not over-styled, no text, no logo."
"rolex-uganda","Rolex","Uganda","East Africa","snack","/tools/afrokitchen/recipes/rolex-uganda/","all-purpose flour, warm water, vegetable oil, salt, eggs, onion","Editorial food photography of Rolex, a traditional Uganda snack, plated naturally with all-purpose flour, warm water, vegetable oil, salt, eggs, onion visible, warm natural light, realistic texture, appetizing but not over-styled, no text, no logo."
"sahrawi-couscous-eh","Sahrawi Vegetable Couscous","Western Sahara","North Africa","main","/tools/afrokitchen/recipes/sahrawi-couscous-eh/","medium couscous, carrots, turnips, pumpkin or squash, onion, olive oil","Editorial food photography of Sahrawi Vegetable Couscous, a traditional Western Sahara main, plated naturally with medium couscous, carrots, turnips, pumpkin or squash, onion, olive oil visible, warm natural light, realistic texture, appetizing but not over-styled, no text, no logo."
"chikanda","Chikanda","Zambia","East Africa","snack","/tools/afrokitchen/recipes/chikanda/","chikanda powder, raw peanuts, water, baking soda, chili flakes, salt","Editorial food photography of Chikanda, a traditional Zambia snack, plated naturally with chikanda powder, raw peanuts, water, baking soda, chili flakes, salt visible, warm natural light, realistic texture, appetizing but not over-styled, no text, no logo."
"kapenta","Kapenta","Zambia","East Africa","side","/tools/afrokitchen/recipes/kapenta/","dried kapenta, tomatoes, onion, garlic, green pepper, vegetable oil","Editorial food photography of Kapenta, a traditional Zambia side, plated naturally with dried kapenta, tomatoes, onion, garlic, green pepper, vegetable oil visible, warm natural light, realistic texture, appetizing but not over-styled, no text, no logo."
"nshima-ifisashi","Nshima with Ifisashi","Zambia","East Africa","main","/tools/afrokitchen/recipes/nshima-ifisashi/","white maize meal, water, rape leaves, peanut butter, tomatoes, onion","Editorial food photography of Nshima with Ifisashi, a traditional Zambia main, plated naturally with white maize meal, water, rape leaves, peanut butter, tomatoes, onion visible, warm natural light, realistic texture, appetizing but not over-styled, no text, no logo."
"madora","Madora","Zimbabwe","East Africa","snack","/tools/afrokitchen/recipes/madora/","dried mopane worms, onion, tomatoes, garlic, green chili, roasted peanuts","Editorial food photography of Madora, a traditional Zimbabwe snack, plated naturally with dried mopane worms, onion, tomatoes, garlic, green chili, roasted peanuts visible, warm natural light, realistic texture, appetizing but not over-styled, no text, no logo."
"mapopo-candy-zw","Mapopo Candy","Zimbabwe","Southern Africa","dessert","/tools/afrokitchen/recipes/mapopo-candy-zw/","green papaya, white sugar, water, lemon juice, vanilla extract, food coloring","Editorial food photography of Mapopo Candy, a traditional Zimbabwe dessert, plated naturally with green papaya, white sugar, water, lemon juice, vanilla extract, food coloring visible, warm natural light, realistic texture, appetizing but not over-styled, no text, no logo."
"sadza-muriwo","Sadza with Muriwo","Zimbabwe","East Africa","main","/tools/afrokitchen/recipes/sadza-muriwo/","white maize meal, water, collard greens, tomatoes, onion, garlic","Editorial food photography of Sadza with Muriwo, a traditional Zimbabwe main, plated naturally with white maize meal, water, collard greens, tomatoes, onion, garlic visible, warm natural light, realistic texture, appetizing but not over-styled, no text, no logo."
