"slug","name","country","category","status","confidence","source_count","route","search_query","notes"
"chakhchoukha-dz","Chakhchoukha","Algeria","stew","audited","medium","4","/tools/afrokitchen/recipes/chakhchoukha-dz/","Chakhchoukha Algeria traditional recipe sources official","The AfroKitchen Chakhchoukha entry matches the core pattern: Algerian torn rougag or thin flatbread served with a tomato-based meat stew, chickpeas, onions, ras el hanout, chile heat, and a communal platter. The main practical gap was that the method used oil, stew seasoning, and water that were not visible in the ingredient list."
"couscous-royal-dz","Couscous Royal","Algeria","main","audited","medium","4","/tools/afrokitchen/recipes/couscous-royal-dz/","Couscous Royal Algeria traditional recipe sources official","The recipe is directionally sound as an Algerian celebratory couscous page, but 'royal' is a flexible restaurant/diaspora style rather than a single fixed official formula. The page needed visible ingredients for onion, oil, water, salt, pepper, ras el hanout, and harissa because the cooking steps already use them."
"makroud-dz","Makroud","Algeria","dessert","audited","medium","4","/tools/afrokitchen/recipes/makroud-dz/","Makroud Algeria traditional recipe sources official","The Makroud entry matches the main pattern: diamond semolina pastry, date filling with cinnamon and orange blossom water, frying, then honey coating. The practical gap was that the method used salt and warm water, while the ingredient list did not show them."
"calulu-de-peixe-ao","Calulu de Peixe","Angola","stew","audited","high","3","/tools/afrokitchen/recipes/calulu-de-peixe-ao/","Calulu de Peixe Angola traditional recipe sources official","Multiple sources identify fish calulu as layered fresh and dried fish with vegetables such as okra, tomato, garlic, greens, and palm oil. The AfroKitchen method keeps the layering logic and uses accessible spinach when sweet potato leaves are unavailable."
"funge-de-bombo-ao","Funge de Bombo","Angola","side","audited","high","3","/tools/afrokitchen/recipes/funge-de-bombo-ao/","Funge de Bombo Angola traditional recipe sources official","References agree that funge is cassava flour whisked into boiling water and stirred until thick. The AfroKitchen method starts with a slurry to reduce lumps for home cooks."
"muamba-de-galinha-ao","Muamba de Galinha","Angola","main","audited","high","3","/tools/afrokitchen/recipes/muamba-de-galinha-ao/","Muamba de Galinha Angola traditional recipe sources official","Common references agree on chicken, red palm oil or palm sauce, okra, tomato, onion, garlic, chile, and a starchy side such as funge. The AfroKitchen version keeps peanuts out of the core recipe to avoid confusing it with muamba de ginguba."
"amiwo-bj","Amiwo","Benin","main","audited","medium","4","/tools/afrokitchen/recipes/amiwo-bj/","Amiwo Benin traditional recipe sources official","The Amiwo entry matches the core Beninese pattern: cornmeal or corn flour cooked into red tomato-based paste, served with chicken or fish and sauce. The page needed garlic, water, salt, pepper, and a palm-oil/vegetable-oil wording because these appear across sources and in the cooking method."
"wagasi-grille-bj","Grilled Wagasi","Benin","snack","audited","medium","3","/tools/afrokitchen/recipes/wagasi-grille-bj/","Grilled Wagasi Benin traditional recipe sources official","The Wagasi page is directionally sound: wagasi is a West African cow-milk cheese strongly associated with northern Benin and Parakou, commonly fried, boiled, or cooked in sauce, and often eaten with pepper. The practical gap was the piment sauce using lime and salt without listing them."
"kuli-kuli-bj","Kuli-Kuli","Benin","snack","audited","medium","3","/tools/afrokitchen/recipes/kuli-kuli-bj/","Kuli-Kuli Benin traditional recipe sources official","The Kuli-Kuli entry matches the common West African method: roasted peanuts are ground into paste, excess oil is extracted, the paste is seasoned, shaped, and fried until crisp. No static recipe changes were needed in this pass."
"morogo-bw","Morogo","Botswana","side","audited","medium","4","/tools/afrokitchen/recipes/morogo-bw/","Morogo Botswana traditional recipe sources official","The AfroKitchen Morogo page is directionally sound: morogo is a Botswana and Southern African leafy-green dish, often using wild spinach, cowpea leaves, amaranth, or pumpkin leaves, cooked with onion, tomato, oil, salt, and sometimes peanuts or peanut butter. The current peanut powder version is defensible as a richer morogo wa dinawa-style variation."
"seswaa-bw","Seswaa","Botswana","main","audited","high","3","/tools/afrokitchen/recipes/seswaa-bw/","Seswaa Botswana traditional recipe sources official","The Seswaa page matches the cross-source pattern: beef or goat boiled until tender, shredded or pounded, seasoned very simply with salt and sometimes onion, pepper, or bay in modern home adaptations, then served with pap/bogobe and morogo."
"vetkoek-bw","Vetkoek with Mince","Botswana","snack","audited","medium","3","/tools/afrokitchen/recipes/vetkoek-bw/","Vetkoek with Mince Botswana traditional recipe sources official","The Vetkoek with Mince page matches the Southern African pattern: yeast dough fried into golden rounds, split and filled with savory mince. The main fix was practical: the mince step used salt, pepper, and curry powder, but those seasonings were not visible in the ingredient list."
"babenda-bf","Babenda","Burkina Faso","main","audited","high","3","/tools/afrokitchen/recipes/babenda-bf/","Babenda Burkina Faso traditional recipe sources official","The prior Babenda page had the right broad idea of greens and soumbala, but the grain base was off. Stronger Burkina sources describe modern Babenda as sorrel and African spinach or amaranth leaves cooked with rice, pounded peanuts, soumbala, dried fish, pepper, salt, and shea butter or oil for serving."
"poulet-bicyclette-bf","Poulet Bicyclette","Burkina Faso","main","audited","medium","3","/tools/afrokitchen/recipes/poulet-bicyclette-bf/","Poulet Bicyclette Burkina Faso traditional recipe sources official","The Poulet Bicyclette page is directionally sound: local free-range chicken grilled over charcoal with a sharp marinade of garlic, mustard or vinaigrette, citrus or vinegar, oil, chile, herbs, salt, and pepper. The main practical gap was missing salt, pepper, and herbs in the ingredient list, plus copy that over-explained the bicycle name."
"riz-gras-bf","Riz Gras","Burkina Faso","main","audited","medium","3","/tools/afrokitchen/recipes/riz-gras-bf/","Riz Gras Burkina Faso traditional recipe sources official","The Riz Gras page is directionally sound as a Burkina-style one-pot tomato rice with meat, oil, onion, tomato paste, vegetables, and rice. The practical gaps were garlic, water or stock, salt, pepper, and chile, all common in source patterns or used by the method."
"burundian-isombe","Burundian Isombe","Burundi","stew","audited","medium","3","/tools/afrokitchen/recipes/burundian-isombe/","Burundian Isombe Burundi traditional recipe sources official","The Isombe page matches the core pattern of cassava or manioc leaves simmered with aromatics and palm oil, often served with ubugari. The main gap was that many Burundi/Rwanda/Great Lakes recipes include peanut butter or pounded peanuts, and the page did not make that component visible."
"mukeke","Mukeke","Burundi","main","audited","medium","3","/tools/afrokitchen/recipes/mukeke/","Mukeke Burundi traditional recipe sources official","The Mukeke page correctly identifies the dish as a prized Lake Tanganyika fish. The page should name mukeke first and tilapia only as a substitute, and it should include parsley/herb notes used in sauce or marinade references. Grilled and pan-sauced versions both appear in sources."
"ubugari","Ubugari","Burundi","side","audited","medium","3","/tools/afrokitchen/recipes/ubugari/","Ubugari Burundi traditional recipe sources official","The Ubugari page is sound as a cassava-flour staple served with beans, isombe, fish, or meat sauces. The main improvement is to fill the empty serving field and make the optional oil or butter used in some recipes visible."
"eru-cm","Eru","Cameroon","stew","audited","high","2","/tools/afrokitchen/recipes/eru-cm/","Eru Cameroon traditional recipe sources official","The Eru page is sound: finely shredded eru or okok leaves cooked with waterleaf or spinach, palm oil, crayfish, smoked fish, cow skin or beef, and served with garri, water fufu, or fufu corn. No static recipe changes were needed."
"koki-beans-cm","Koki Beans","Cameroon","side","audited","high","2","/tools/afrokitchen/recipes/koki-beans-cm/","Koki Beans Cameroon traditional recipe sources official","The Koki Beans page is sound on technique and ingredients. The only change is copy: sources place koki across Littoral, South-West, and West Cameroon rather than only a single Bamileke grasslands frame."
"ndole-cm","Ndolé","Cameroon","stew","audited","high","3","/tools/afrokitchen/recipes/ndole-cm/","Ndolé Cameroon traditional recipe sources official","The Ndole page is sound as a Cameroonian bitter-leaf and peanut stew. The main practical gap was missing water or broth, salt, and white/black pepper, while the method already depends on seasoning and peanut blending liquid."
"poulet-dg-cm","Poulet DG","Cameroon","main","audited","high","3","/tools/afrokitchen/recipes/poulet-dg-cm/","Poulet DG Cameroon traditional recipe sources official","Sources agree on chicken, fried plantains, and a colorful vegetable sauce. The AfroKitchen version keeps the plantains separate until the end so they stay sweet-edged rather than mushy."
"cachupa-rica-cv","Cachupa Rica","Cape Verde","stew","audited","high","3","/tools/afrokitchen/recipes/cachupa-rica-cv/","Cachupa Rica Cape Verde traditional recipe sources official","The Cachupa Rica page is sound: hominy corn, beans, vegetables, meats or sausage, and slow cooking. The method used garlic, bay leaves, salt, and water that were not visible in ingredients."
"canja-cv","Canja de Galinha","Cape Verde","soup","audited","medium","3","/tools/afrokitchen/recipes/canja-cv/","Canja de Galinha Cape Verde traditional recipe sources official","The Canja de Galinha page is directionally sound as a Cape Verdean chicken and rice soup used for comfort, sickness, funerals, and family occasions. It needed water, salt, pepper, and optional herbs visible in ingredients."
"pastel-diablo-cv","Pastel com Diablo Dentro","Cape Verde","snack","audited","high","3","/tools/afrokitchen/recipes/pastel-diablo-cv/","Pastel com Diablo Dentro Cape Verde traditional recipe sources official","The previous Pastel com Diabo Dentro page had the right tuna/chile idea but the dough was too generic. Stronger Cape Verdean sources use sweet potato plus cornmeal for the dough, with a spicy tuna filling seasoned with onion, tomato, garlic, chile, vinegar or lemon, and salt."
"gozo-cf","Gozo","Central African Republic","side","audited","medium","2","/tools/afrokitchen/recipes/gozo-cf/","Gozo Central African Republic traditional recipe sources official","The Gozo page is sound: cassava flour and water cooked into a stiff paste used with sauces and stews. No static recipe changes were needed."
"kanda-ti-nyma-cf","Kanda ti Nyma","Central African Republic","main","audited","medium","3","/tools/afrokitchen/recipes/kanda-ti-nyma-cf/","Kanda ti Nyma Central African Republic traditional recipe sources official","The previous Kanda ti Nyma page had a peanut sauce, but missed the okra that distinguishes the kanda ti nyma pattern in multiple sources. It also used ground peanuts inside the meatballs, while sources more often bind the meatballs with egg and season them with garlic and chile, reserving peanuts for the sauce."
"sauce-graine-cf","Sauce Graine","Central African Republic","sauce","audited","low","3","/tools/afrokitchen/recipes/sauce-graine-cf/","Sauce Graine Central African Republic traditional recipe sources official","The Sauce Graine page is directionally sound as a palm-fruit sauce served with starch, fish, meat, and aromatics, but source coverage was not strongly CAR-specific. The practical gaps were palm oil for the saut? step and salt for seasoning."
"boule-td","Boule","Chad","side","audited","medium","3","/tools/afrokitchen/recipes/boule-td/","Boule Chad traditional recipe sources official","Boule is sound as a Chadian millet or sorghum flour staple cooked into a firm paste for sauces. The main improvement is presentation copy and clearer step wording."
"daraba-td","Daraba","Chad","stew","audited","high","3","/tools/afrokitchen/recipes/daraba-td/","Daraba Chad traditional recipe sources official","Daraba needed the full vegetable body made visible. Stronger Chadian-style references use okra, greens, tomato, peanut butter, and often sweet potato or eggplant with water or stock."
"la-bouillie-td","La Bouillie","Chad","breakfast","audited","medium","3","/tools/afrokitchen/recipes/la-bouillie-td/","La Bouillie Chad traditional recipe sources official","The millet porridge structure is sound. It needed salt and softer presentation language, with milk kept as a finishing choice rather than the whole cooking liquid."
"langouste-vanille","Langouste a la Vanille","Comoros","main","audited","high","3","/tools/afrokitchen/recipes/langouste-vanille/","Langouste a la Vanille Comoros traditional recipe sources official","The Comorian lobster and vanilla idea is right, but the sauce should be lighter and more elegant. Cream is common, while coconut cream is a reasonable island-style option."
"mkatra-foutra","Mkatra Foutra","Comoros","breakfast","audited","high","3","/tools/afrokitchen/recipes/mkatra-foutra/","Mkatra Foutra Comoros traditional recipe sources official","The old page treated Mkatra Foutra like a baked loaf. Stronger Comorian references describe it as a yeast coconut flatbread cooked on a pan and finished with sesame."
"pilao-nazi","Pilao ya Nazi","Comoros","side","audited","medium","2","/tools/afrokitchen/recipes/pilao-nazi/","Pilao ya Nazi Comoros traditional recipe sources official","Pilao ya Nazi is sound as a Comorian coconut rice pilaf. It mostly needed serving context and calmer copy."
"liboke-ya-mbika-cd","Liboke ya Mbika","Democratic Republic of Congo","main","audited","medium","2","/tools/afrokitchen/recipes/liboke-ya-mbika-cd/","Liboke ya Mbika Democratic Republic of Congo traditional recipe sources official","Liboke ya Mbika is directionally sound as pumpkin seed paste steamed in banana leaves. It needed salt and a small blending-liquid cue made visible."
"moambe-chicken-cd","Moambe Chicken","Democratic Republic of Congo","stew","audited","high","3","/tools/afrokitchen/recipes/moambe-chicken-cd/","Moambe Chicken Democratic Republic of Congo traditional recipe sources official","Moambe Chicken is sound as chicken in palm nut sauce, but the page omitted oil, salt, pepper, and an optional okra cue found in Congolese versions."
"saka-saka-cd","Saka-Saka","Democratic Republic of Congo","side","audited","high","3","/tools/afrokitchen/recipes/saka-saka-cd/","Saka-Saka Democratic Republic of Congo traditional recipe sources official","Saka-Saka is right on cassava leaves, palm oil, fish, and long cooking. The page needed the common peanut paste option and more visible salt/water balance."
"djiboutian-laxoox","Djiboutian Laxoox","Djibouti","breakfast","audited","medium","2","/tools/afrokitchen/recipes/djiboutian-laxoox/","Djiboutian Laxoox Djibouti traditional recipe sources official","Laxoox is sound as a fermented one-sided flatbread. The fermentation timer was missing and the page needed serving context."
"fah-fah","Fah-Fah","Djibouti","soup","audited","medium","2","/tools/afrokitchen/recipes/fah-fah/","Fah-Fah Djibouti traditional recipe sources official","Fah-Fah is sound as a Djiboutian goat or meat soup with vegetables and warming spices. It needed serving context and cleaner step titles."
"skoudehkaris","Skoudehkaris","Djibouti","main","audited","high","3","/tools/afrokitchen/recipes/skoudehkaris/","Skoudehkaris Djibouti traditional recipe sources official","Skoudehkaris was missing tomato paste, chile warmth, black pepper, and herbs that appear in stronger Djibouti references. The one-pot lamb and rice base is sound."
"ful-medames-eg","Ful Medames","Egypt","breakfast","audited","high","3","/tools/afrokitchen/recipes/ful-medames-eg/","Ful Medames Egypt traditional recipe sources official","Ful Medames is sound, but the cook time was inconsistent with the dried-bean method and salt was missing from the visible ingredient list."
"koshari-eg","Koshari","Egypt","main","audited","high","3","/tools/afrokitchen/recipes/koshari-eg/","Koshari Egypt traditional recipe sources official","Koshari was missing several ingredients used in the method: oil, cumin, salt, chile, and enough vinegar for both tomato sauce and dakka. Vermicelli is also a common rice component."
"molokhia-eg","Molokhia","Egypt","soup","audited","high","3","/tools/afrokitchen/recipes/molokhia-eg/","Molokhia Egypt traditional recipe sources official","Molokhia is sound, but the broth aromatics used in the method were not visible in the ingredient list. The public copy also needed cleaner punctuation."
"taameya-eg","Ta'ameya","Egypt","breakfast","audited","high","3","/tools/afrokitchen/recipes/taameya-eg/","Ta'ameya Egypt traditional recipe sources official","Sources consistently identify Egyptian ta'ameya as fava-based, herb-rich, and fried. The AfroKitchen version uses soaked uncooked split favas, not canned beans, for proper texture."
"jollof-rice-gq","Jollof Rice Equatoguineano","Equatorial Guinea","main","audited","medium","3","/tools/afrokitchen/recipes/jollof-rice-gq/","Jollof Rice Equatoguineano Equatorial Guinea traditional recipe sources official","The page works as an Equatoguinean-style tomato rice, but the old ingredient list missed garlic, peppers, cooking liquid, salt, and pepper while the method already used some of them."
"pepesoup-gq","Pepesoup","Equatorial Guinea","soup","audited","medium","3","/tools/afrokitchen/recipes/pepesoup-gq/","Pepesoup Equatorial Guinea traditional recipe sources official","Pepesup is well supported as an Equatorial Guinean spicy fish soup. The old page was missing plantain, tomato, salt, and citrus even though those fit the strongest references and its own method."
"succotash-gq","Succotash de Guinée","Equatorial Guinea","stew","audited","low","3","/tools/afrokitchen/recipes/succotash-gq/","Succotash de Guinée Equatorial Guinea traditional recipe sources official","Succotash is repeatedly listed in online Equatorial Guinea food guides, but its history is disputed and not strongly documented as a precolonial local dish. The page should keep the bean-corn stew useful while avoiding overclaiming."
"eritrean-ful","Eritrean Ful Medames","Eritrea","breakfast","audited","high","3","/tools/afrokitchen/recipes/eritrean-ful/","Eritrean Ful Medames Eritrea traditional recipe sources official","The ful page matches Eritrean and Horn breakfast patterns: fava beans mashed with cumin, olive oil, lemon, chile, tomato, berbere or awaze, and bread or injera."
"eritrean-shiro","Eritrean Shiro","Eritrea","stew","audited","high","3","/tools/afrokitchen/recipes/eritrean-shiro/","Eritrean Shiro Eritrea traditional recipe sources official","The shiro page is directionally sound, but the old default used niter kibbeh while also tagging the dish as vegan and dairy-free. Fasting shiro should use oil by default, with spiced butter as an optional non-fasting finish."
"zigini","Zigini with Injera","Eritrea","stew","audited","high","3","/tools/afrokitchen/recipes/zigini/","Zigini with Injera Eritrea traditional recipe sources official","Zigini is sound as an Eritrean berbere beef stew, but the old page used spiced butter while claiming dairy-free. Stronger references also commonly include tomato, stock, and browning the beef."
"incwancwa-sz","Incwancwa","Eswatini","drink","audited","medium","3","/tools/afrokitchen/recipes/incwancwa-sz/","Incwancwa Eswatini traditional recipe sources official","Incwancwa is supported as a Swazi sour fermented cornmeal porridge. The current recipe is usable; the main fix is clearer wording that it may be spoonable or thinned to drink."
"sishwala-emasi-sz","Sishwala with Emasi","Eswatini","main","audited","high","3","/tools/afrokitchen/recipes/sishwala-emasi-sz/","Sishwala with Emasi Eswatini traditional recipe sources official","The sishwala with emasi page is sound: stiff maize porridge served with sour milk is a core Swazi staple combination."
"umbhidvo-wetintsanga-sz","Umbhidvo Wetintsanga","Eswatini","side","audited","high","3","/tools/afrokitchen/recipes/umbhidvo-wetintsanga-sz/","Umbhidvo Wetintsanga Eswatini traditional recipe sources official","Umbhidvo wetintsanga is sound as pumpkin leaves cooked with groundnuts. The current page needed only a small liquid/texture cleanup and stronger serving guidance."
"atkilt-wat-et","Atkilt Wat","Ethiopia","side","audited","high","3","/tools/afrokitchen/recipes/atkilt-wat-et/","Atkilt Wat Ethiopia traditional recipe sources official","Sources agree on cabbage, potatoes, carrots, turmeric, onion, garlic, and ginger. The AfroKitchen method staggers the vegetables so potatoes cook through without collapsing the cabbage."
"doro-wat","Doro Wat","Ethiopia","stew","audited","high","3","/tools/afrokitchen/recipes/doro-wat/","Doro Wat Ethiopia traditional recipe sources official","Doro wat is sound: chicken, onions, berbere, niter kibbeh, tomato paste, lemon, and eggs. The old page incorrectly marked the default niter-kibbeh version as dairy-free."
"genfo-et","Genfo","Ethiopia","breakfast","audited","high","3","/tools/afrokitchen/recipes/genfo-et/","Genfo Ethiopia traditional recipe sources official","Sources agree on thick flour porridge shaped with a center well of niter kibbeh and berbere. The AfroKitchen method adds flour gradually to prevent lumps."
"gomen-et","Gomen","Ethiopia","side","audited","high","3","/tools/afrokitchen/recipes/gomen-et/","Gomen Ethiopia traditional recipe sources official","Sources agree on collard greens cooked with onion, garlic, ginger, and Ethiopian spicing. The AfroKitchen version keeps the greens bright by cooking them just until tender."
"injera","Injera","Ethiopia","side","audited","high","3","/tools/afrokitchen/recipes/injera/","Injera Ethiopia traditional recipe sources official","The injera page is sound but the old ingredient list made absit look like a second flour mixture. Stronger sources describe fermenting teff batter, cooking a portion into absit, then returning it before cooking one side only."
"kik-alicha-et","Kik Alicha","Ethiopia","stew","audited","high","3","/tools/afrokitchen/recipes/kik-alicha-et/","Kik Alicha Ethiopia traditional recipe sources official","Sources agree on yellow split peas, turmeric, onion, garlic, ginger, and a mild stew profile. The AfroKitchen version keeps it vegan by default."
"kitfo","Kitfo","Ethiopia","main","audited","high","3","/tools/afrokitchen/recipes/kitfo/","Kitfo Ethiopia traditional recipe sources official","The kitfo page matches the Ethiopian pattern: finely minced beef with mitmita and niter kibbeh, served raw, lightly warmed, or cooked with ayib and gomen. The main improvement is safer, clearer serving guidance."
"misir-wat-et","Misir Wat","Ethiopia","stew","audited","high","3","/tools/afrokitchen/recipes/misir-wat-et/","Misir Wat Ethiopia traditional recipe sources official","Sources agree on red lentils, berbere, onion, garlic, ginger, and a stew-like simmer. The AfroKitchen version keeps it vegan but notes niter kibbeh as an optional substitute."
"shiro-wat-et","Shiro Wat","Ethiopia","stew","audited","high","3","/tools/afrokitchen/recipes/shiro-wat-et/","Shiro Wat Ethiopia traditional recipe sources official","Sources agree on shiro powder or chickpea flour cooked into a smooth stew with onion, garlic, oil, and berbere. The AfroKitchen version adds the flour gradually to prevent clumping."
"tibs-et","Tibs","Ethiopia","main","audited","medium-high","3","/tools/afrokitchen/recipes/tibs-et/","Tibs Ethiopia traditional recipe sources official","References agree on small pieces of meat cooked quickly with onion and Ethiopian seasonings. The AfroKitchen version keeps berbere optional in amount because some tibs styles use awaze on the side instead of a heavily red sauce."
"poulet-moutarde-ga","Mustard Chicken","Gabon","main","audited","medium","3","/tools/afrokitchen/recipes/poulet-moutarde-ga/","Mustard Chicken Gabon traditional recipe sources official","The mustard chicken page is plausible for Gabonese/French-influenced cooking, but the old ingredient list missed salt and pepper while the method used them."
"nyembwe-chicken-ga","Nyembwe Chicken","Gabon","stew","audited","high","3","/tools/afrokitchen/recipes/nyembwe-chicken-ga/","Nyembwe Chicken Gabon traditional recipe sources official","Nyembwe chicken is strongly supported as Gabon's national palm-nut chicken dish. The old page needed salt, pepper, oil, and a slightly fuller sauce build."
"poisson-fume-plantain-ga","Smoked Fish with Plantains","Gabon","main","audited","medium","3","/tools/afrokitchen/recipes/poisson-fume-plantain-ga/","Smoked Fish with Plantains Gabon traditional recipe sources official","Smoked fish and plantain are strongly plausible Gabonese ingredients, but the exact named dish has thinner source coverage. The page needed salt, pepper, garlic, and liquid for the sauce."
"benachin-gm","Benachin","Gambia","main","audited","high","3","/tools/afrokitchen/recipes/benachin-gm/","Benachin Gambia traditional recipe sources official","Benachin is well supported as a Gambian one-pot rice dish related to thieboudienne. The old page had the right frame, but the ingredient list did not show oil, tomato, garlic, chile, salt, pepper, or cooking liquid clearly enough."
"domoda-gm","Domoda","Gambia","stew","audited","high","3","/tools/afrokitchen/recipes/domoda-gm/","Domoda Gambia traditional recipe sources official","Domoda is strongly supported as Gambian groundnut stew with beef or chicken, peanut paste, tomatoes, tomato paste, onion, pumpkin or sweet potato, chile, and rice. The old page needed salt, pepper, lemon, and water made visible."
"supakanja-gm","Supakanja","Gambia","soup","audited","medium","3","/tools/afrokitchen/recipes/supakanja-gm/","Supakanja Gambia traditional recipe sources official","Supakanja is plausible and locally recognized as Gambian okra soup. The old page had the core okra, palm oil, dried fish, shrimp, and pepper pattern but needed salt, water, and optional leafy greens made explicit."
"banku-tilapia-gh","Banku and Tilapia","Ghana","main","audited","high","3","/tools/afrokitchen/recipes/banku-tilapia-gh/","Banku and Tilapia Ghana traditional recipe sources official","The recipe follows the common Ghanaian plate: banku made from fermented corn and cassava dough, served with grilled or fried tilapia and pepper sauce."
"jollof-rice-gh","Ghanaian Jollof Rice","Ghana","main","audited","high","3","/tools/afrokitchen/recipes/jollof-rice-gh/","Ghanaian Jollof Rice Ghana traditional recipe sources official","The Ghanaian jollof page is sound. The main gaps were missing salt, stock or water, bay leaf, and optional curry or thyme while the method depends on seasoning and liquid control."
"groundnut-soup-gh","Groundnut Soup","Ghana","soup","audited","high","3","/tools/afrokitchen/recipes/groundnut-soup-gh/","Groundnut Soup Ghana traditional recipe sources official","Ghanaian groundnut soup is sound as a peanut, tomato, chile, ginger, and chicken soup for fufu or rice balls. The old page needed stock/water, garlic, tomato paste, and salt/pepper visible."
"kelewele-gh","Kelewele","Ghana","snack","audited","high","3","/tools/afrokitchen/recipes/kelewele-gh/","Kelewele Ghana traditional recipe sources official","Kelewele is sound as Ghanaian spiced fried ripe plantain. The old page needed salt and the common garlic/onion spice paste option made visible."
"kontomire-stew-gh","Kontomire Stew","Ghana","stew","audited","high","3","/tools/afrokitchen/recipes/kontomire-stew-gh/","Kontomire Stew Ghana traditional recipe sources official","References consistently identify kontomire as cocoyam leaves cooked into stew with palm oil, tomato, onion, pepper, egusi, and smoked or salted fish. The AfroKitchen version preserves those anchors and allows spinach as an access substitute."
"red-red-gh","Red Red","Ghana","stew","audited","high","3","/tools/afrokitchen/recipes/red-red-gh/","Red Red Ghana traditional recipe sources official","Sources consistently frame red red as a Ghanaian black-eyed pea stew cooked with palm oil or vegetable oil and served with fried plantain."
"waakye-gh","Waakye","Ghana","rice","audited","high","3","/tools/afrokitchen/recipes/waakye-gh/","Waakye Ghana traditional recipe sources official","The core profile is stable across sources: rice and beans cooked together with sorghum or millet leaves for color, then served with shito, stew, eggs, plantain, fish, meat, salad, or spaghetti."
"fouti-gn","Fouti","Guinea","side","audited","medium","3","/tools/afrokitchen/recipes/fouti-gn/","Fouti Guinea traditional recipe sources official","The fouti page is directionally sound as a Guinean fonio staple. The main issue was the default butter conflicting with vegan and dairy-free tags."
"poulet-yassa-gn","Guinean Chicken Yassa","Guinea","main","audited","medium","3","/tools/afrokitchen/recipes/poulet-yassa-gn/","Guinean Chicken Yassa Guinea traditional recipe sources official","Yassa is originally associated with Casamance/Senegal but is widely cooked across nearby West Africa, including Guinea. The old page had the lemon-onion-chicken structure but missed garlic, mustard, salt, pepper, and bay in ingredients."
"sauce-feuille-gn","Sauce Feuille","Guinea","sauce","audited","medium","3","/tools/afrokitchen/recipes/sauce-feuille-gn/","Sauce Feuille Guinea traditional recipe sources official","Sauce feuille is sound as a West African leaf sauce, and Guinean sources support leafy sauces. The old page needed garlic, water or stock, and salt/pepper visible."
"chabeu-gw","Caldo de Chabeu","Guinea-Bissau","main","audited","medium","3","/tools/afrokitchen/recipes/chabeu-gw/","Caldo de Chabeu Guinea-Bissau traditional recipe sources official","The old page treated chabeu as jollof-style rice, but stronger Guinea-Bissau references describe caldo de chabeu as a palm-oil broth or stew with okra and meat or fish. The public recipe needed a full correction."
"caldo-de-mancarra-gw","Caldo de Mancarra","Guinea-Bissau","soup","audited","high","3","/tools/afrokitchen/recipes/caldo-de-mancarra-gw/","Caldo de Mancarra Guinea-Bissau traditional recipe sources official","Caldo de mancarra is strongly supported as Guinea-Bissau peanut broth or stew with chicken or fish, vegetables, and rice. The old page needed garlic, ginger, stock, oil, salt, and pepper visible."
"arroz-de-caju-gw","Cashew Rice","Guinea-Bissau","side","audited","low","3","/tools/afrokitchen/recipes/arroz-de-caju-gw/","Cashew Rice Guinea-Bissau traditional recipe sources official","Cashews are central to Guinea-Bissau agriculture and food culture, but arroz de caju has thinner recipe-source coverage than the major national dishes. The page is useful as a cashew rice side, but it should avoid dairy-free conflict from default butter."
"alloco-ci","Alloco","Ivory Coast","snack","audited","high","3","/tools/afrokitchen/recipes/alloco-ci/","Alloco Ivory Coast traditional recipe sources official","Alloco was directionally correct, but the pantry details were too thin for a cookable page. The corrected recipe keeps ripe plantain, hot oil, piment, onion, tomato, and salt front and center."
"attieke-poisson-ci","Attiéké with Grilled Fish","Ivory Coast","main","audited","high","3","/tools/afrokitchen/recipes/attieke-poisson-ci/","Attiéké with Grilled Fish Ivory Coast traditional recipe sources official","The old page had the right idea but missed several ingredients used in its own instructions. The corrected version gives the fish marinade, attiéké steaming, onion-tomato garnish, and piment enough detail to cook."
"kedjenou-ci","Kedjenou","Ivory Coast","stew","audited","high","5","/tools/afrokitchen/recipes/kedjenou-ci/","Kedjenou Ivory Coast traditional recipe sources official","The AfroKitchen Kedjenou entry matches the core cross-source pattern: Ivorian/Baoulé or Akan dish, chicken or guinea fowl, sealed low-heat cooking in a canari or tightly sealed pot, little or no added liquid, tomatoes/onions/chile/aromatics, and service with attiéké or rice."
"githeri-ke","Githeri","Kenya","main","audited","high","3","/tools/afrokitchen/recipes/githeri-ke/","Githeri Kenya traditional recipe sources official","The core dish is maize and beans boiled together. A light onion-tomato finish is a common modern approach, while the simple boiled version remains valid."
"kenyan-pilau","Kenyan Pilau","Kenya","main","audited","high","3","/tools/afrokitchen/recipes/kenyan-pilau/","Kenyan Pilau Kenya traditional recipe sources official","The old pilau had the right ingredients but the sequence risked tough beef. The corrected method cooks the beef stock first, then builds the browned onion and spice base before steaming the rice."
"mukimo-ke","Mukimo","Kenya","side","audited","high","4","/tools/afrokitchen/recipes/mukimo-ke/","Mukimo Kenya traditional recipe sources official","The common pattern is potatoes mashed with maize, peas or beans, and greens. Onion or butter is optional, while pumpkin leaves or spinach provide the green color."
"nyama-choma","Nyama Choma","Kenya","main","audited","high","3","/tools/afrokitchen/recipes/nyama-choma/","Nyama Choma Kenya traditional recipe sources official","The old nyama choma was tasty but read more like a heavy marinade than the Kenyan classic. The corrected version keeps salt, smoke, optional lemon, and kachumbari as the core."
"ugali-na-sukuma-wiki","Ugali na Sukuma Wiki","Kenya","main","audited","high","3","/tools/afrokitchen/recipes/ugali-na-sukuma-wiki/","Ugali na Sukuma Wiki Kenya traditional recipe sources official","The existing ugali and sukuma wiki page was solid. This pass mostly tightens ratios, sides, and language so the greens stay bright and the ugali stays firm."
"motoho-ls","Motoho","Lesotho","breakfast","audited","medium","3","/tools/afrokitchen/recipes/motoho-ls/","Motoho Lesotho traditional recipe sources official","The old motoho sequence cooked the porridge before fermentation, which is not the strongest fit for sour sorghum porridge. The corrected version ferments a sorghum slurry first, then cooks it into a smooth breakfast porridge."
"nyekoe-ls","Nyekoe","Lesotho","stew","audited","medium","3","/tools/afrokitchen/recipes/nyekoe-ls/","Nyekoe Lesotho traditional recipe sources official","The old nyekoe leaned toward samp and beans, but stronger Basotho references point to beans, sorghum, and pumpkin as the more distinctive nyekoe profile. The corrected version uses that highland combination."
"papa-le-moroho-ls","Papa le Moroho","Lesotho","main","audited","high","3","/tools/afrokitchen/recipes/papa-le-moroho-ls/","Papa le Moroho Lesotho traditional recipe sources official","The existing papa le moroho recipe was close. The update keeps the everyday Basotho structure while improving water ratios, seasoning, and the greens method."
"jollof-rice-lr","Liberian Jollof Rice","Liberia","main","audited","medium","3","/tools/afrokitchen/recipes/jollof-rice-lr/","Liberian Jollof Rice Liberia traditional recipe sources official","The old Liberian jollof was missing several common aromatics and vegetables. The corrected version keeps the Liberian mixed-protein feel while adding bell pepper, garlic, stock, thyme, bay, carrot, green beans, and cabbage."
"palm-butter-soup-lr","Palm Butter Soup","Liberia","soup","audited","medium","3","/tools/afrokitchen/recipes/palm-butter-soup-lr/","Palm Butter Soup Liberia traditional recipe sources official","The old palm butter soup captured the main idea but needed stronger seasoning and liquid guidance. The corrected version makes palm fruit concentrate, meat, smoked fish, dried shrimp, chile, onion, and okra or bitterball cook as a coherent Liberian soup."
"torborgee-lr","Torborgee","Liberia","stew","audited","medium","3","/tools/afrokitchen/recipes/torborgee-lr/","Torborgee Liberia traditional recipe sources official","The old torborgee page overfocused on locust beans and did not reflect the better documented Liberian beans or bitter vegetable torborgee pattern. The corrected version makes it a thick palm-oil stew of red cowpeas or lentils, bitter eggplant, dried seafood, hot pepper, and rice."
"asida-ly","Asida","Libya","dessert","audited","high","3","/tools/afrokitchen/recipes/asida-ly/","Asida Libya traditional recipe sources official","The existing asida was broadly correct. This pass adds date syrup as the more Libyan serving option and keeps the flour-water-butter structure simple."
"bazin-ly","Bazin","Libya","main","audited","high","3","/tools/afrokitchen/recipes/bazin-ly/","Bazin Libya traditional recipe sources official","Bazin was mostly sound, but the spice profile was too thin for Libyan sauce. The update keeps barley dough, lamb tomato stew, potato, eggs, and adds the expected warm spices."
"sharba-libiya-ly","Sharba Libiya","Libya","soup","audited","high","3","/tools/afrokitchen/recipes/sharba-libiya-ly/","Sharba Libiya Libya traditional recipe sources official","Sharba Libiya needed missing liquid, oil, chickpeas, lemon, and parsley/cilantro details. The update keeps lamb, tomato paste, orzo, dried mint, and Ramadan-soup identity."
"mofo-gasy","Mofo Gasy","Madagascar","breakfast","audited","high","3","/tools/afrokitchen/recipes/mofo-gasy/","Mofo Gasy Madagascar traditional recipe sources official","Mofo Gasy was ingredient-correct but the total time ignored fermentation. The update keeps rice flour, yeast, sugar, coconut milk, and mold cooking while making the rise time honest."
"ravitoto","Ravitoto","Madagascar","stew","audited","high","3","/tools/afrokitchen/recipes/ravitoto/","Ravitoto Madagascar traditional recipe sources official","Ravitoto needed a longer braise time. Cassava leaves and pork should cook slowly until tender, rich, and earthy."
"romazava","Romazava","Madagascar","stew","audited","high","3","/tools/afrokitchen/recipes/romazava/","Romazava Madagascar traditional recipe sources official","Romazava was close but needed anamalaho or paracress named clearly. The update keeps beef, tomato, onion, ginger, mixed greens, and rice, while avoiding extra vegetables that would drift away from the Malagasy profile."
"kondowole","Kondowole","Malawi","main","audited","high","3","/tools/afrokitchen/recipes/kondowole/","Kondowole Malawi traditional recipe sources official","Kondowole was mostly correct. This pass keeps cassava flour and water, adds stronger fish-relish pairing language, and removes halal as unnecessary metadata."
"mandasi","Mandasi","Malawi","breakfast","audited","high","3","/tools/afrokitchen/recipes/mandasi/","Mandasi Malawi traditional recipe sources official","Mandasi needed honest rise time. The ingredients are plausible for a Malawian/East African fried dough, but the old 40-minute total ignored the one-hour proof."
"nsima-chambo","Nsima with Chambo","Malawi","main","audited","high","3","/tools/afrokitchen/recipes/nsima-chambo/","Nsima with Chambo Malawi traditional recipe sources official","Nsima with Chambo was close, but it should name chambo as the preferred fish with tilapia as a substitute and should not advertise halal automatically."
"fakoye-ml","Fakoye","Mali","soup","audited","medium","3","/tools/afrokitchen/recipes/fakoye-ml/","Fakoye Mali traditional recipe sources official","Fakoye needed its leaf-sauce identity corrected. Okra can support texture, but the defining ingredient is fakoye or jute leaf, often with meat or dried fish and soumbala."
"tigadegena-ml","Tigadegena","Mali","stew","audited","high","3","/tools/afrokitchen/recipes/tigadegena-ml/","Tigadegena Mali traditional recipe sources official","Tigadegena needed garlic, liquid, and vegetable range. The corrected version keeps peanut paste, tomato, meat, and optional vegetables while making the sauce easier to cook without scorching."
"toh-ml","Toh","Mali","side","audited","high","3","/tools/afrokitchen/recipes/toh-ml/","Toh Mali traditional recipe sources official","Toh was already in good shape. This pass keeps millet or sorghum flour, water, salt, and steady stirring as the full recipe."
"lakh-mr","Lakh","Mauritania","dessert","audited","medium","3","/tools/afrokitchen/recipes/lakh-mr/","Lakh Mauritania traditional recipe sources official","Lakh was broadly sound, but this pass makes the millet-plus-fermented-milk identity clearer and adds common coconut, nutmeg, and baobab flour notes without forcing them."
"thieboudienne-mr","Mauritanian Fish Rice","Mauritania","main","audited","medium","3","/tools/afrokitchen/recipes/thieboudienne-mr/","Mauritanian Fish Rice Mauritania traditional recipe sources official","The Mauritanian fish rice was close, but it needed the herb stuffing, more vegetable range, and the one-pot tomato broth sequence that makes thieboudienne work."
"mechoui-mr","Mechoui","Mauritania","main","audited","medium","3","/tools/afrokitchen/recipes/mechoui-mr/","Mechoui Mauritania traditional recipe sources official","Mechoui was sound but too spice-heavy for the usual lamb-roast idea. This pass keeps cumin and butter while making the roasting/resting method clearer."
"dholl-puri","Dholl Puri","Mauritius","snack","audited","high","3","/tools/afrokitchen/recipes/dholl-puri/","Dholl Puri Mauritius traditional recipe sources official","Dholl puri was strong. This pass adds the reserved split-pea cooking water, finer yellow-pea crumb, and classic gros pois, rougaille, chutney, and achard serving set."
"gateau-piment","Gateau Piment","Mauritius","snack","audited","high","3","/tools/afrokitchen/recipes/gateau-piment/","Gateau Piment Mauritius traditional recipe sources official","Gateau piment was already close. This pass keeps the split-pea fritter structure and sharpens the street-food cues with curry leaves, spring onion, coriander, and baguette service."
"rougaille","Rougaille","Mauritius","main","audited","high","3","/tools/afrokitchen/recipes/rougaille/","Rougaille Mauritius traditional recipe sources official","Rougaille needed a more flexible Mauritian sausage note. This pass keeps the tomato-thyme-garlic-ginger sauce and allows pork, chicken, beef, or smoked sausages."
"bessara-ma","Bessara","Morocco","soup","audited","high","3","/tools/afrokitchen/recipes/bessara-ma/","Bessara Morocco traditional recipe sources official","Sources agree on dried fava beans or split peas, garlic, olive oil, cumin, paprika, and a smooth puree. The AfroKitchen version uses split peas as the accessible default."
"chicken-pastilla-ma","Chicken Pastilla","Morocco","main","audited","high","3","/tools/afrokitchen/recipes/chicken-pastilla-ma/","Chicken Pastilla Morocco traditional recipe sources official","Sources agree on the layered savory-sweet form: chicken, eggs, almonds, cinnamon, sugar, and thin pastry. The AfroKitchen version uses phyllo as an accessible substitute for warqa."
"chicken-tagine-preserved-lemons-ma","Chicken Tagine with Preserved Lemons & Olives","Morocco","main","audited","high","3","/tools/afrokitchen/recipes/chicken-tagine-preserved-lemons-ma/","Chicken Tagine with Preserved Lemons & Olives Morocco traditional recipe sources official","The tagine was close. This pass adds parsley, olive oil, turmeric, and the bread-friendly serving cue, and removes couscous as the default pairing."
"harira-ma","Harira","Morocco","soup","audited","high","3","/tools/afrokitchen/recipes/harira-ma/","Harira Morocco traditional recipe sources official","Harira was basically correct but needed celery, vermicelli, and clearer tadouira-style flour thickening. The update keeps chickpeas, lentils, tomatoes, herbs, spices, and lemon."
"kefta-tagine-ma","Kefta Tagine","Morocco","main","audited","high","3","/tools/afrokitchen/recipes/kefta-tagine-ma/","Kefta Tagine Morocco traditional recipe sources official","Sources agree on spiced ground meat shaped into small balls, tomato sauce, cumin, paprika, herbs, and eggs. The AfroKitchen version keeps the sauce thick enough for bread."
"msemen-ma","Msemen","Morocco","breakfast","audited","high","3","/tools/afrokitchen/recipes/msemen-ma/","Msemen Morocco traditional recipe sources official","Msemen was good. This pass emphasizes lamination with oil, butter, and semolina, keeps the square fold, and avoids overstating yeast as essential."
"rfissa-ma","Rfissa","Morocco","main","audited","high","3","/tools/afrokitchen/recipes/rfissa-ma/","Rfissa Morocco traditional recipe sources official","Sources agree on chicken, lentils, fenugreek, onions, spices, and shredded pastry or msemen. The AfroKitchen version uses msemen as an accessible base."
"seffa-medfouna-ma","Seffa Medfouna","Morocco","main","audited","high","3","/tools/afrokitchen/recipes/seffa-medfouna-ma/","Seffa Medfouna Morocco traditional recipe sources official","Sources agree on steamed sweetened vermicelli or couscous, spiced chicken hidden inside, and cinnamon, sugar, and almonds on top."
"taktouka-ma","Taktouka","Morocco","side","audited","high","3","/tools/afrokitchen/recipes/taktouka-ma/","Taktouka Morocco traditional recipe sources official","Sources agree on roasted peppers, tomatoes, garlic, olive oil, cumin, and paprika. The AfroKitchen version keeps it jammy rather than watery."
"zaalouk-ma","Zaalouk","Morocco","side","audited","high","3","/tools/afrokitchen/recipes/zaalouk-ma/","Zaalouk Morocco traditional recipe sources official","Sources agree on eggplant, tomato, garlic, olive oil, paprika, cumin, cilantro, and lemon. The AfroKitchen version roasts or steams the eggplant first for a silky texture."
"caril-de-camarao","Caril de Camarao","Mozambique","main","audited","medium","3","/tools/afrokitchen/recipes/caril-de-camarao/","Caril de Camarao Mozambique traditional recipe sources official","The prawn curry was solid. This pass leans into the Mozambican coconut, tomato, curry spice, garlic, ginger, lime, and piri-piri profile."
"matapa","Matapa","Mozambique","stew","audited","high","3","/tools/afrokitchen/recipes/matapa/","Matapa Mozambique traditional recipe sources official","Matapa had a dietary mismatch: it was marked vegan while still allowing shrimp. This pass makes the common seafood version explicit and removes the vegan tag."
"piri-piri-chicken","Piri Piri Chicken","Mozambique","main","audited","high","3","/tools/afrokitchen/recipes/piri-piri-chicken/","Piri Piri Chicken Mozambique traditional recipe sources official","Piri piri chicken was ingredient-correct but the page time ignored the important marinade. The update makes the African bird's-eye chile sauce and rest time explicit."
"kapana-na","Kapana","Namibia","snack","audited","high","3","/tools/afrokitchen/recipes/kapana-na/","Kapana Namibia traditional recipe sources official","Kapana was close, but needed kapana spice in the ingredient list and the salsa should include oil as well as vinegar. Removed halal as a blanket promise."
"oshifima-na","Oshifima","Namibia","side","audited","high","3","/tools/afrokitchen/recipes/oshifima-na/","Oshifima Namibia traditional recipe sources official","Oshifima was already accurate. This pass keeps mahangu/pearl millet as the lead and clarifies that maize meal can be a practical substitute."
"potjiekos-na","Potjiekos","Namibia","stew","audited","high","3","/tools/afrokitchen/recipes/potjiekos-na/","Potjiekos Namibia traditional recipe sources official","Potjiekos was structurally right. This pass removes halal because wine is listed as optional, adds cabbage or pumpkin as expected potjie vegetables, and keeps the no-stir layered method."
"dambou-ne","Dambou","Niger","main","audited","high","3","/tools/afrokitchen/recipes/dambou-ne/","Dambou Niger traditional recipe sources official","Dambou was on the right track but too narrow. This pass adds onion, chile, crushed peanuts, and the key sequence of cooking greens separately before mixing with steamed grains."
"kilishi-ne","Kilishi","Niger","snack","audited","high","3","/tools/afrokitchen/recipes/kilishi-ne/","Kilishi Niger traditional recipe sources official","Kilishi had the right idea but the total time was far too short for drying. This pass makes the Hausa labu paste, long drying, and final roast explicit."
"tuwo-masara-ne","Tuwo Masara","Niger","side","audited","high","3","/tools/afrokitchen/recipes/tuwo-masara-ne/","Tuwo Masara Niger traditional recipe sources official","Tuwo masara was accurate. This pass keeps the slurry-first method and clarifies it as a northern Hausa-region maize swallow eaten across Niger and nearby countries."
"abacha-ng","Abacha","Nigeria","street_food","audited","high","3","/tools/afrokitchen/recipes/abacha-ng/","Abacha Nigeria traditional recipe sources official","Sources agree on shredded cassava, palm oil emulsion, potash water, ugba, fish, crayfish, onion, and utazi or garden egg toppings."
"afang-soup-ng","Afang Soup","Nigeria","soup","audited","high","3","/tools/afrokitchen/recipes/afang-soup-ng/","Afang Soup Nigeria traditional recipe sources official","Sources agree on afang or okazi leaves, waterleaf, palm oil, meat, stockfish, crayfish, and often periwinkles. The AfroKitchen version cooks waterleaf first so it releases moisture before afang is added."
"akara-ng","Akara","Nigeria","breakfast","audited","high","3","/tools/afrokitchen/recipes/akara-ng/","Akara Nigeria traditional recipe sources official","Sources agree on peeled black-eyed peas blended with pepper and onion, then deep fried. The AfroKitchen version is Nigerian-focused and separate from the existing Sierra Leone banana akara route."
"amala-ewedu-gbegiri-ng","Amala, Ewedu and Gbegiri","Nigeria","main","audited","high","3","/tools/afrokitchen/recipes/amala-ewedu-gbegiri-ng/","Amala, Ewedu and Gbegiri Nigeria traditional recipe sources official","Sources support the three-part Yoruba combination: amala from yam flour, ewedu from jute leaves, and gbegiri from peeled beans, usually finished with stew."
"ayamase-ofada-stew-ng","Ayamase","Nigeria","stew","audited","high","3","/tools/afrokitchen/recipes/ayamase-ofada-stew-ng/","Ayamase Nigeria traditional recipe sources official","Sources agree on green pepper blend, bleached palm oil, iru, assorted meats, and boiled eggs. The AfroKitchen method includes a safe cooling step for bleached palm oil."
"banga-soup-ng","Banga Soup","Nigeria","soup","audited","high","3","/tools/afrokitchen/recipes/banga-soup-ng/","Banga Soup Nigeria traditional recipe sources official","Sources agree on palm nut extract, meat or fish, dried fish, crayfish, pepper, and regional banga spices. The AfroKitchen version uses canned palm nut concentrate as an accessible option."
"boli-ng","Boli","Nigeria","street_food","audited","high","3","/tools/afrokitchen/recipes/boli-ng/","Boli Nigeria traditional recipe sources official","Sources agree on ripe or semi-ripe plantain roasted until charred and tender, served with groundnuts or pepper sauce."
"dan-wake-ng","Dan Wake","Nigeria","main","audited","medium-high","3","/tools/afrokitchen/recipes/dan-wake-ng/","Dan Wake Nigeria traditional recipe sources official","Sources agree on bean flour dumplings boiled in water and served with oil, pepper spice, onions, vegetables, and often boiled eggs."
"edikang-ikong-ng","Edikang Ikong","Nigeria","soup","audited","high","3","/tools/afrokitchen/recipes/edikang-ikong-ng/","Edikang Ikong Nigeria traditional recipe sources official","Sources agree on ugu, waterleaf, palm oil, assorted meat, stockfish, crayfish, and periwinkle. The AfroKitchen method keeps added water low so the soup stays concentrated."
"efo-riro-ng","Efo Riro","Nigeria","stew","audited","high","3","/tools/afrokitchen/recipes/efo-riro-ng/","Efo Riro Nigeria traditional recipe sources official","The common references agree on leafy greens, pepper blend, palm oil, locust beans or iru, crayfish, onion, and assorted meat or fish. Spinach is a practical diaspora substitute for Nigerian greens."
"egusi-soup-ng","Egusi Soup","Nigeria","soup","audited","high","3","/tools/afrokitchen/recipes/egusi-soup-ng/","Egusi Soup Nigeria traditional recipe sources official","Egusi was mostly right but missing crayfish, stock, and a clearer pepper-and-palm-oil base. This pass keeps lumpy egusi and flexible greens."
"fisherman-soup-ng","Fisherman Soup","Nigeria","soup","audited","medium-high","3","/tools/afrokitchen/recipes/fisherman-soup-ng/","Fisherman Soup Nigeria traditional recipe sources official","Sources agree on mixed seafood, fresh fish, prawns, periwinkles or shellfish, crayfish, pepper, and a light thickener. The AfroKitchen method adds delicate seafood late to avoid overcooking."
"jollof-rice-ng","Jollof Rice","Nigeria","main","audited","high","3","/tools/afrokitchen/recipes/jollof-rice-ng/","Jollof Rice Nigeria traditional recipe sources official","Nigerian jollof had good method but the ingredient list missed stock, thyme, bay leaves, seasoning cubes, and ginger or garlic used by many recipes. This pass fills those gaps and removes halal as a guarantee."
"masa-waina-ng","Masa","Nigeria","breakfast","audited","high","3","/tools/afrokitchen/recipes/masa-waina-ng/","Masa Nigeria traditional recipe sources official","References agree on soaked rice blended into a fermented batter and cooked in small oiled wells. The AfroKitchen version uses yeast for predictable home fermentation."
"miyan-kuka-ng","Miyan Kuka","Nigeria","soup","audited","high","3","/tools/afrokitchen/recipes/miyan-kuka-ng/","Miyan Kuka Nigeria traditional recipe sources official","Sources agree on kuka powder, meat stock, dawadawa, dried fish, palm oil, and pepper. The AfroKitchen version adds kuka off high heat so it does not clump."
"miyan-taushe-ng","Miyan Taushe","Nigeria","soup","audited","high","3","/tools/afrokitchen/recipes/miyan-taushe-ng/","Miyan Taushe Nigeria traditional recipe sources official","Sources agree on pumpkin, groundnut paste, meat or fish, tomato-pepper base, leafy greens, and northern seasonings like dawadawa."
"moi-moi-ng","Moi Moi","Nigeria","side","audited","high","4","/tools/afrokitchen/recipes/moi-moi-ng/","Moi Moi Nigeria traditional recipe sources official","The AfroKitchen version follows the common Nigerian pattern: peeled black-eyed or brown beans, pepper, onion, oil, seasoning, optional crayfish or egg, and steaming in leaves, tins, ramekins, or foil until set."
"pepper-soup-ng","Nigerian Pepper Soup","Nigeria","soup","audited","high","3","/tools/afrokitchen/recipes/pepper-soup-ng/","Nigerian Pepper Soup Nigeria traditional recipe sources official","The recipe follows the common Nigerian pepper soup format: meat or fish simmered with onion, pepper, ehu or pepper soup spice, scent leaf or uziza, and enough broth to serve hot."
"ofe-nsala-ng","Ofe Nsala","Nigeria","soup","audited","high","3","/tools/afrokitchen/recipes/ofe-nsala-ng/","Ofe Nsala Nigeria traditional recipe sources official","Sources agree on no palm oil, yam thickener, catfish or meat, crayfish, pepper, uziza, and utazi. The AfroKitchen method keeps the fish pieces large so they do not break."
"oha-soup-ng","Oha Soup","Nigeria","soup","audited","high","3","/tools/afrokitchen/recipes/oha-soup-ng/","Oha Soup Nigeria traditional recipe sources official","Sources agree on oha leaves, cocoyam thickener, palm oil, meat, dried fish, crayfish, and ogiri. The AfroKitchen version tears the leaves by hand and adds them at the end."
"okpa-ng","Okpa","Nigeria","breakfast","audited","high","3","/tools/afrokitchen/recipes/okpa-ng/","Okpa Nigeria traditional recipe sources official","Sources agree on Bambara nut flour, palm oil, pepper, salt, and steaming in wraps or containers. The AfroKitchen version adds onion as optional because some cooks skip it."
"puff-puff-ng","Puff Puff","Nigeria","snack","audited","high","3","/tools/afrokitchen/recipes/puff-puff-ng/","Puff Puff Nigeria traditional recipe sources official","The recipe follows the widely repeated puff puff profile: flour, yeast, sugar, salt, warm water, optional nutmeg, one rise, then deep frying until golden."
"suya-ng","Suya","Nigeria","snack","audited","high","3","/tools/afrokitchen/recipes/suya-ng/","Suya Nigeria traditional recipe sources official","Suya was solid but needed kuli-kuli or peanut cake language and no halal guarantee. This pass keeps thin beef, yaji, charcoal grilling, onion, tomato, and cabbage."
"tuwo-shinkafa-ng","Tuwo Shinkafa","Nigeria","side","audited","high","3","/tools/afrokitchen/recipes/tuwo-shinkafa-ng/","Tuwo Shinkafa Nigeria traditional recipe sources official","References agree that tuwo shinkafa is rice cooked very soft, mashed, and shaped as a swallow. The AfroKitchen method uses broken or short-grain rice for a smooth finish."
"mbisi-ye-kalou-cg","Mbisi ya Makala","Republic of Congo","main","audited","medium","3","/tools/afrokitchen/recipes/mbisi-ye-kalou-cg/","Mbisi ya Makala Republic of Congo traditional recipe sources official","The grilled fish profile makes sense for Congo River cooking. This pass makes the title spelling more food-readable, adds garlic to the pili-pili, and keeps plantain or chikwangue as pairing."
"poulet-muambe-cg","Poulet à la Muambé","Republic of Congo","stew","audited","high","3","/tools/afrokitchen/recipes/poulet-muambe-cg/","Poulet à la Muambé Republic of Congo traditional recipe sources official","Poulet muambe was sound. This pass removes the over-specific comparison line and reinforces palm butter, chicken, tomato, garlic, chile, okra, and stock."
"saka-saka-poisson-cg","Saka-Saka au Poisson Fumé","Republic of Congo","side","audited","high","3","/tools/afrokitchen/recipes/saka-saka-poisson-cg/","Saka-Saka au Poisson Fumé Republic of Congo traditional recipe sources official","Saka-saka was correct, but the cassava-leaf cook time should be patient and the ingredient set benefits from leek or green pepper. This pass keeps smoked fish, palm oil, and peanut."
"igisafuria","Igisafuliya","Rwanda","stew","audited","medium","3","/tools/afrokitchen/recipes/igisafuria/","Igisafuliya Rwanda traditional recipe sources official","The one-pot Rwandan stew was broadly right. This pass uses the more common Igisafuliya spelling, keeps plantain, meat, and vegetables, and removes halal as a sourcing guarantee."
"isombe","Isombe","Rwanda","stew","audited","high","3","/tools/afrokitchen/recipes/isombe/","Isombe Rwanda traditional recipe sources official","Isombe was missing the peanut butter that most Rwandan references expect. This pass adds peanut butter, green onion or pepper, and removes nut-free and halal tags."
"rwandan-brochettes","Rwandan Brochettes","Rwanda","main","audited","high","3","/tools/afrokitchen/recipes/rwandan-brochettes/","Rwandan Brochettes Rwanda traditional recipe sources official","Rwandan brochettes were sound but the marinade was a little generic. This pass centers goat, onion-on-skewer, tomato-onion-chile marinade, charcoal grilling, and removes halal guarantee."
"angu-de-banana-st","Angú de Banana","São Tomé and Príncipe","side","audited","medium","3","/tools/afrokitchen/recipes/angu-de-banana-st/","Angú de Banana São Tomé and Príncipe traditional recipe sources official","Angú de banana is a simple, plausible São Toméan accompaniment to calulu. This pass keeps green bananas and palm oil but clarifies that breadfruit can stand in."
"calulu-st","Calulu","São Tomé and Príncipe","stew","audited","high","3","/tools/afrokitchen/recipes/calulu-st/","Calulu São Tomé and Príncipe traditional recipe sources official","Calulu was good but missing garlic, greens, chile, and cooking liquid in the ingredient list. This pass adds them and keeps the layered slow stew."
"chocolate-quente-st","Sao Tomean Hot Chocolate","São Tomé and Príncipe","drink","audited","medium","3","/tools/afrokitchen/recipes/chocolate-quente-st/","Sao Tomean Hot Chocolate São Tomé and Príncipe traditional recipe sources official","The hot chocolate is a cacao showcase rather than a deeply standardized national recipe. This pass keeps São Tomé cacao central and allows water or milk so the drink can be rich without becoming too generic."
"ceebu-yapp-sn","Ceebu Yapp","Senegal","rice","audited","high","3","/tools/afrokitchen/recipes/ceebu-yapp-sn/","Ceebu Yapp Senegal traditional recipe sources official","Sources agree on meat, rice, vegetables, onion, mustard, garlic, chile, and seasoned stock. The AfroKitchen version parboils rice briefly to control texture."
"yassa-poulet-sn","Chicken Yassa","Senegal","main","audited","high","3","/tools/afrokitchen/recipes/yassa-poulet-sn/","Chicken Yassa Senegal traditional recipe sources official","Chicken yassa was ingredient-correct but the total time ignored its lemon-onion marinade. This pass increases prep time, adds bay leaf, and removes halal guarantee."
"dibi-sn","Dibi","Senegal","main","audited","high","3","/tools/afrokitchen/recipes/dibi-sn/","Dibi Senegal traditional recipe sources official","Sources agree on grilled lamb or meat, onion-mustard condiment, and street-grill context. The AfroKitchen version marinates briefly and grills hot."
"fataya-sn","Fataya","Senegal","street_food","audited","high","3","/tools/afrokitchen/recipes/fataya-sn/","Fataya Senegal traditional recipe sources official","Sources agree on filled fried pastry, often fish, served with tomato sauce. The AfroKitchen version uses canned tuna or cooked fish for accessibility."
"mafe-sn","Mafe","Senegal","stew","audited","high","3","/tools/afrokitchen/recipes/mafe-sn/","Mafe Senegal traditional recipe sources official","Mafe needed missing oil, garlic, ginger, water or stock, and optional okra or cabbage. This pass keeps peanut paste and tomato as the heart and removes halal guarantee."
"ndambe-sn","Ndambe","Senegal","street_food","audited","high","3","/tools/afrokitchen/recipes/ndambe-sn/","Ndambe Senegal traditional recipe sources official","Sources agree on black-eyed peas, tomato, onion, chile, and a thick stew often served with bread. The AfroKitchen version keeps it vegan by default."
"soupe-kandia-sn","Soupe Kandia","Senegal","stew","audited","high","3","/tools/afrokitchen/recipes/soupe-kandia-sn/","Soupe Kandia Senegal traditional recipe sources official","Sources agree on okra, palm oil, fish or seafood, dried seafood, vegetables, and rice. The AfroKitchen version adds okra in two stages for body and texture."
"thiakry-sn","Thiakry","Senegal","dessert","audited","high","3","/tools/afrokitchen/recipes/thiakry-sn/","Thiakry Senegal traditional recipe sources official","Sources agree on millet couscous mixed with sweetened dairy, vanilla, nutmeg, and optional fruit. The AfroKitchen version keeps millet as the base."
"thieboudienne-sn","Thieboudienne","Senegal","main","audited","high","3","/tools/afrokitchen/recipes/thieboudienne-sn/","Thieboudienne Senegal traditional recipe sources official","Thieboudienne was strong but missing onion, oil, carrot, okra, tamarind, and dried fish in the ingredient list even though the method mentioned them. This pass fills out the Senegalese roster."
"grilled-fish-creole","Grilled Fish Creole","Seychelles","main","audited","medium","3","/tools/afrokitchen/recipes/grilled-fish-creole/","Grilled Fish Creole Seychelles traditional recipe sources official","The Seychellois grilled fish was sensible. This pass removes halal guarantee, uses whole fish or fillets, and adds lime and curry leaves as optional Creole notes."
"ladob","Ladob","Seychelles","dessert","audited","high","3","/tools/afrokitchen/recipes/ladob/","Ladob Seychelles traditional recipe sources official","Ladob was accurate for the dessert version. This pass removes halal as irrelevant, keeps coconut milk, vanilla, nutmeg, plantain, and sweet potato, and mentions the savory form only in context."
"shark-chutney","Shark Chutney","Seychelles","sauce","audited","high","3","/tools/afrokitchen/recipes/shark-chutney/","Shark Chutney Seychelles traditional recipe sources official","Shark chutney was mostly right. This pass removes halal guarantee and adds a practical firm-fish substitution while keeping shark, bilimbi, lime, onion, turmeric, ginger, and chile."
"akara-sl","Banana Akara","Sierra Leone","breakfast","audited","high","3","/tools/afrokitchen/recipes/akara-sl/","Banana Akara Sierra Leone traditional recipe sources official","The old Sierra Leone Akara page used the broader black-eyed-pea fritter. This pass corrects it to Sierra Leonean banana akara made with ripe banana, rice flour, sugar, and frying oil."
"cassava-leaf-stew-sl","Cassava Leaf Stew","Sierra Leone","stew","audited","high","3","/tools/afrokitchen/recipes/cassava-leaf-stew-sl/","Cassava Leaf Stew Sierra Leone traditional recipe sources official","Cassava leaf stew was accurate but needed a longer cook time and garlic or ogiri context. This pass keeps meat, smoked fish, palm oil, and groundnut while making the simmer more patient."
"groundnut-stew-sl","Groundnut Stew","Sierra Leone","stew","audited","high","3","/tools/afrokitchen/recipes/groundnut-stew-sl/","Groundnut Stew Sierra Leone traditional recipe sources official","Groundnut stew needed missing garlic, ginger, tomato paste, stock, and vegetable options. This pass keeps chicken and peanut as the center."
"bariis-iskukaris","Bariis Iskukaris","Somalia","main","audited","high","3","/tools/afrokitchen/recipes/bariis-iskukaris/","Bariis Iskukaris Somalia traditional recipe sources official","Bariis Iskukaris was solid, but the spice list should reflect xawaash more fully. This pass adds coriander, cloves, turmeric, and optional saffron or food color, and removes halal as a sourcing guarantee."
"canjeero","Canjeero","Somalia","breakfast","audited","high","3","/tools/afrokitchen/recipes/canjeero/","Canjeero Somalia traditional recipe sources official","Canjeero was ingredient-close but the total time ignored fermentation and the optional butter conflicted with vegan tagging. This pass removes butter from the core recipe and makes fermentation honest."
"sambusa-so","Somali Sambusa","Somalia","snack","audited","high","3","/tools/afrokitchen/recipes/sambusa-so/","Somali Sambusa Somalia traditional recipe sources official","Sources support Somali sambusa as fried pastry filled with ground meat or vegetables and Somali spices. The AfroKitchen version uses a dry beef filling with xawaash and cilantro so the wrappers stay crisp."
"suqaar","Suqaar","Somalia","main","audited","high","3","/tools/afrokitchen/recipes/suqaar/","Suqaar Somalia traditional recipe sources official","Suqaar was close. This pass adds xawaash as the core spice cue, keeps peppers and tomatoes, and removes halal as a sourcing guarantee."
"bobotie-za","Bobotie","South Africa","main","audited","high","3","/tools/afrokitchen/recipes/bobotie-za/","Bobotie South Africa traditional recipe sources official","Bobotie was strong. This pass adds vinegar or lemon for balance, keeps bread-in-milk and egg custard, and names yellow rice and sambals as the proper table."
"bunny-chow-za","Bunny Chow","South Africa","main","audited","high","3","/tools/afrokitchen/recipes/bunny-chow-za/","Bunny Chow South Africa traditional recipe sources official","Bunny chow was accurate but should not carry a halal guarantee. This pass keeps Durban curry in a hollowed loaf and adds beans as a common vegetarian option."
"chakalaka-za","Chakalaka","South Africa","side","audited","high","3","/tools/afrokitchen/recipes/chakalaka-za/","Chakalaka South Africa traditional recipe sources official","Chakalaka was good. This pass removes halal as irrelevant and adds cabbage as an optional common vegetable while keeping baked beans, carrots, peppers, curry, and tomato."
"malva-pudding-za","Malva Pudding","South Africa","dessert","audited","high","3","/tools/afrokitchen/recipes/malva-pudding-za/","Malva Pudding South Africa traditional recipe sources official","Sources consistently identify the South African dessert as an apricot-jam sponge leavened with bicarbonate and vinegar, then soaked with warm butter, sugar, and cream or milk sauce."
"milk-tart-za","Milk Tart","South Africa","dessert","audited","high","3","/tools/afrokitchen/recipes/milk-tart-za/","Milk Tart South Africa traditional recipe sources official","Sources agree on a sweet pastry crust filled with milk custard made from milk, sugar, eggs, flour or starch, and cinnamon. The AfroKitchen version uses the cooked-custard method for reliable texture."
"asida","Asida","South Sudan","side","audited","high","3","/tools/afrokitchen/recipes/asida/","Asida South Sudan traditional recipe sources official","South Sudanese asida was incorrectly centered on wheat. This pass changes the base to sorghum, millet, or maize flour and removes halal and ghee from the core side-dish recipe."
"bamia","Bamia","South Sudan","stew","audited","high","3","/tools/afrokitchen/recipes/bamia/","Bamia South Sudan traditional recipe sources official","Bamia was directionally correct but needed a longer lamb simmer and lemon or lime finish. This pass removes halal as a guarantee."
"kisra-mulah","Kisra with Mulah","South Sudan","main","audited","high","3","/tools/afrokitchen/recipes/kisra-mulah/","Kisra with Mulah South Sudan traditional recipe sources official","Kisra with Mulah was missing the real fermentation time and incorrectly carried nut-free while peanut butter was optional. This pass makes the sorghum fermentation and stew timing honest."
"basbousa-sd","Basbousa","Sudan","dessert","audited","high","3","/tools/afrokitchen/recipes/basbousa-sd/","Basbousa Sudan traditional recipe sources official","Basbousa was broadly correct. This pass makes the semolina rest and syrup soak honest, keeps yoghurt, butter, almonds, rose water, and removes halal as a blanket tag."
"ful-medames-sd","Ful Medames","Sudan","main","audited","high","3","/tools/afrokitchen/recipes/ful-medames-sd/","Ful Medames Sudan traditional recipe sources official","Sudanese ful was good but the page ignored overnight soaking. This pass makes the prep time honest and keeps sesame oil, lemon, cumin, onion, garlic, and chile."
"kisra-mullah-sd","Kisra with Mullah Tagalia","Sudan","main","audited","high","3","/tools/afrokitchen/recipes/kisra-mullah-sd/","Kisra with Mullah Tagalia Sudan traditional recipe sources official","Kisra with mullah tagalia needed fermentation time and a more accurate tagalia description. This pass centers onions, tomato paste, minced or dried beef, oil, coriander, and red pepper."
"chipsi-mayai","Chipsi Mayai","Tanzania","snack","audited","high","3","/tools/afrokitchen/recipes/chipsi-mayai/","Chipsi Mayai Tanzania traditional recipe sources official","Chipsi mayai was accurate. This pass removes halal as irrelevant, keeps the fry-and-omelette method, and names kachumbari/pili pili as the table."
"tanzanian-pilau","Tanzanian Pilau","Tanzania","main","audited","high","3","/tools/afrokitchen/recipes/tanzanian-pilau/","Tanzanian Pilau Tanzania traditional recipe sources official","Tanzanian pilau was strong. This pass removes halal guarantee, keeps whole spice depth, and adds ginger as a common coastal note."
"ugali-na-nyama","Ugali na Nyama","Tanzania","main","audited","high","3","/tools/afrokitchen/recipes/ugali-na-nyama/","Ugali na Nyama Tanzania traditional recipe sources official","Ugali na nyama was fine structurally. This pass removes halal guarantee and makes beef stew timing a bit more realistic."
"akoume-tg","Akoumé","Togo","side","audited","high","3","/tools/afrokitchen/recipes/akoume-tg/","Akoumé Togo traditional recipe sources official","Akoumé was accurate. This pass keeps corn dough, slurry-first cooking, and pairing with sauces, while tightening naming and story."
"fufu-gboma-dessi-tg","Fufu with Gboma Dessi","Togo","main","audited","medium","3","/tools/afrokitchen/recipes/fufu-gboma-dessi-tg/","Fufu with Gboma Dessi Togo traditional recipe sources official","Gboma dessi was too seafood-specific for a dish that commonly uses meat, shrimp, crab, or smoked fish. This pass adds garlic, ginger, chile, tomato sauce, and longer stew time."
"koklo-meme-tg","Koklo Meme","Togo","main","audited","medium","3","/tools/afrokitchen/recipes/koklo-meme-tg/","Koklo Meme Togo traditional recipe sources official","Koklo meme was close, but prep time ignored the marinade. This pass increases prep time and removes halal guarantee."
"brik-tn","Brik a l'Oeuf","Tunisia","snack","audited","high","3","/tools/afrokitchen/recipes/brik-tn/","Brik a l'Oeuf Tunisia traditional recipe sources official","Brik was accurate. This pass removes halal guarantee and keeps malsouka, egg, tuna, capers, parsley, onion, lemon, and harissa."
"lablabi-tn","Lablabi","Tunisia","breakfast","audited","high","3","/tools/afrokitchen/recipes/lablabi-tn/","Lablabi Tunisia traditional recipe sources official","Lablabi was accurate but ignored overnight chickpea soaking. This pass makes the timer honest and removes halal as irrelevant."
"ojja-tn","Ojja with Merguez","Tunisia","breakfast","audited","high","3","/tools/afrokitchen/recipes/ojja-tn/","Ojja with Merguez Tunisia traditional recipe sources official","Ojja was accurate but diet tags over-promised. This pass removes halal and gluten-free, and keeps merguez, harissa, tomato, peppers, caraway, coriander, and eggs."
"binyebwa-ug","Binyebwa","Uganda","sauce","audited","high","3","/tools/afrokitchen/recipes/binyebwa-ug/","Binyebwa Uganda traditional recipe sources official","Sources agree that binyebwa is a Ugandan groundnut sauce built from ground peanuts or peanut paste, onion, tomato, and slow simmering until the sauce separates slightly and thickens."
"luwombo","Luwombo","Uganda","stew","audited","high","3","/tools/afrokitchen/recipes/luwombo/","Luwombo Uganda traditional recipe sources official","Luwombo was accurate but diet tags over-promised. This pass removes halal and keeps banana-leaf steaming with chicken and groundnut sauce."
"matoke","Matoke","Uganda","main","audited","high","3","/tools/afrokitchen/recipes/matoke/","Matoke Uganda traditional recipe sources official","Matoke was accurate. This pass removes halal as irrelevant and keeps the steamed banana-leaf method with savory tomato-onion sauce."
"rolex-uganda","Rolex","Uganda","snack","audited","high","3","/tools/afrokitchen/recipes/rolex-uganda/","Rolex Uganda traditional recipe sources official","Rolex was accurate. This pass removes halal, keeps chapati plus vegetable omelette, and adds a slightly longer chapati rest."
"sahrawi-camel-stew-eh","Sahrawi Camel Meat Stew","Western Sahara","stew","audited","medium","3","/tools/afrokitchen/recipes/sahrawi-camel-stew-eh/","Sahrawi Camel Meat Stew Western Sahara traditional recipe sources official","The Sahrawi camel stew was plausible but needed garlic, longer cooking, and no halal guarantee. This pass keeps the desert camel, onion, tomato, and communal bread context."
"sahrawi-mint-tea-eh","Sahrawi Mint Tea","Western Sahara","drink","audited","high","3","/tools/afrokitchen/recipes/sahrawi-mint-tea-eh/","Sahrawi Mint Tea Western Sahara traditional recipe sources official","Sahrawi mint tea was accurate. This pass removes halal as irrelevant and keeps the three-round foam ritual."
"sahrawi-couscous-eh","Sahrawi Vegetable Couscous","Western Sahara","main","audited","medium","3","/tools/afrokitchen/recipes/sahrawi-couscous-eh/","Sahrawi Vegetable Couscous Western Sahara traditional recipe sources official","The couscous was plausible and well structured. This pass removes halal as irrelevant and adds chickpeas or raisins as optional desert pantry notes."
"chikanda","Chikanda","Zambia","snack","audited","high","3","/tools/afrokitchen/recipes/chikanda/","Chikanda Zambia traditional recipe sources official","Chikanda was accurate but the timer ignored the chilling stage and halal was irrelevant. This pass makes the set time visible."
"kapenta","Kapenta","Zambia","side","audited","high","3","/tools/afrokitchen/recipes/kapenta/","Kapenta Zambia traditional recipe sources official","Kapenta was accurate. This pass removes halal and keeps the rinse, fry, tomato-onion relish, and nshima pairing."
"nshima-ifisashi","Nshima with Ifisashi","Zambia","main","audited","high","3","/tools/afrokitchen/recipes/nshima-ifisashi/","Nshima with Ifisashi Zambia traditional recipe sources official","Nshima with Ifisashi was accurate. This pass removes halal and adds more flexible greens."
"dovi-zw","Dovi","Zimbabwe","stew","audited","high","3","/tools/afrokitchen/recipes/dovi-zw/","Dovi Zimbabwe traditional recipe sources official","Dovi was sound but needed garlic, ginger, and pepper in the ingredient list. This pass keeps chicken, peanut butter, tomato, greens, and sadza service."
"madora","Madora","Zimbabwe","snack","audited","medium","3","/tools/afrokitchen/recipes/madora/","Madora Zimbabwe traditional recipe sources official","Madora was plausible. This pass removes halal and keeps the soaking, frying, tomato-onion sauce, and optional peanuts."
"mapopo-candy-zw","Mapopo Candy","Zimbabwe","dessert","audited","high","3","/tools/afrokitchen/recipes/mapopo-candy-zw/","Mapopo Candy Zimbabwe traditional recipe sources official","Mapopo candy was accurate but the timer ignored drying. This pass adds drying/resting time to the total."
"sadza-nenyama-zw","Sadza neNyama","Zimbabwe","main","audited","high","3","/tools/afrokitchen/recipes/sadza-nenyama-zw/","Sadza neNyama Zimbabwe traditional recipe sources official","Sadza neNyama was sound but the stew needs a little more time and no halal guarantee. This pass keeps sadza, beef, tomato-onion gravy, and greens."
"sadza-muriwo","Sadza with Muriwo","Zimbabwe","main","audited","high","3","/tools/afrokitchen/recipes/sadza-muriwo/","Sadza with Muriwo Zimbabwe traditional recipe sources official","Sadza with Muriwo was accurate but had an optional peanut butter ingredient while claiming nut-free. This pass removes peanut from this plain muriwo version."
