batch_index,type,priority,name,slug,source_id,route,save_folder,filename,dimensions,format,prompt,notes
1,tool-card,68,Pomodoro Timer,pomodoro,pomodoro,/tools/pomodoro/,/assets/img/tools/,pomodoro.webp,800x450,WebP,"Create an AfroTools web-card banner for Pomodoro Timer. simple doodle, soft pastel fills, black outline. Show practical African web app objects and forms. No readable text, no logos, no brand marks. 16:9, polished, useful for social cards.",Canonical app image. Reuse for translated pages unless visible localized text is required. Category=data-productivity; tier=T3.
2,tool-card,62,Event Countdown Timer,countdown-timer,countdown-timer,/tools/countdown-timer/,/assets/img/tools/,countdown-timer.webp,800x450,WebP,"Create an AfroTools web-card banner for Event Countdown Timer. flat paper texture illustration. Show practical African web app objects and forms. No readable text, no logos, no brand marks. 16:9, polished, useful for social cards.",Canonical app image. Reuse for translated pages unless visible localized text is required. Category=data-productivity; tier=T3.
3,tool-card,62,Tip & Bill Splitter,tip-calculator,tip-calculator,/tools/tip-calculator/,/assets/img/tools/,tip-calculator.webp,800x450,WebP,"Create an AfroTools web-card banner for Tip & Bill Splitter. watercolor wash with ink line. Show practical African web app objects and forms. No readable text, no logos, no brand marks. 16:9, polished, useful for social cards.",Canonical app image. Reuse for translated pages unless visible localized text is required. Category=data-productivity; tier=T3.
4,tool-card,61,Window & Door Sizing Guide,window-door-sizing,window-door-sizing,/tools/window-door-sizing/,/assets/img/tools/,window-door-sizing.webp,800x450,WebP,"Create an AfroTools web-card banner for Window & Door Sizing Guide. flat paper texture illustration. Show practical African web app objects and forms. No readable text, no logos, no brand marks. 16:9, polished, useful for social cards.",Canonical app image. Reuse for translated pages unless visible localized text is required. Category=engineering; tier=T2.
5,tool-card,60,Meeting Cost Calculator,meeting-cost,meeting-cost,/tools/meeting-cost/,/assets/img/tools/,meeting-cost.webp,800x450,WebP,"Create an AfroTools web-card banner for Meeting Cost Calculator. soft 3D clay still life. Show practical African web app objects and forms. No readable text, no logos, no brand marks. 16:9, polished, useful for social cards.",Canonical app image. Reuse for translated pages unless visible localized text is required. Category=data-productivity; tier=T3.
6,tool-card,60,Tithe & Offering Calculator,tithe-offering-calculator,tithe-offering-calculator,/tools/tithe-offering-calculator,/assets/img/tools/,tithe-offering-calculator.webp,800x450,WebP,"Create an AfroTools web-card banner for Tithe & Offering Calculator. simple doodle, soft pastel fills, black outline. Show money planning, calculator, receipt, local currency notes. No readable text, no logos, no brand marks. 16:9, polished, useful for social cards.",Canonical app image. Reuse for translated pages unless visible localized text is required. Category=financial; tier=T2.
7,tool-card,56,South Africa Livestock Feed Calculator,livestock-feed-south-africa,livestock-feed-south-africa,/agriculture/livestock-feed/south-africa,/assets/img/tools/,livestock-feed-south-africa.webp,800x450,WebP,"Create an AfroTools web-card banner for South Africa Livestock Feed Calculator. watercolor wash with ink line. Show field planning, produce, seeds, irrigation, farm notebook. No readable text, no logos, no brand marks. 16:9, polished, useful for social cards.",Canonical app image. Reuse for translated pages unless visible localized text is required. Category=agriculture; tier=T3.
8,tool-card,56,Morocco Farm Profit Calculator,farm-profit-morocco,farm-profit-morocco,/agriculture/farm-profit/morocco,/assets/img/tools/,farm-profit-morocco.webp,800x450,WebP,"Create an AfroTools web-card banner for Morocco Farm Profit Calculator. soft 3D clay still life. Show field planning, produce, seeds, irrigation, farm notebook. No readable text, no logos, no brand marks. 16:9, polished, useful for social cards.",Canonical app image. Reuse for translated pages unless visible localized text is required. Category=agriculture; tier=T3.
9,tool-card,56,Ethiopia Farm Worker Payroll Calculator,farm-payroll-ethiopia,farm-payroll-ethiopia,/agriculture/farm-payroll/ethiopia,/assets/img/tools/,farm-payroll-ethiopia.webp,800x450,WebP,"Create an AfroTools web-card banner for Ethiopia Farm Worker Payroll Calculator. modern dashboard abstraction. Show field planning, produce, seeds, irrigation, farm notebook. No readable text, no logos, no brand marks. 16:9, polished, useful for social cards.",Canonical app image. Reuse for translated pages unless visible localized text is required. Category=agriculture; tier=T3.
10,tool-card,54,Match Ticket Price Comparator Africa,match-tickets,match-tickets,/tools/match-tickets/,/assets/img/tools/,match-tickets.webp,800x450,WebP,"Create an AfroTools web-card banner for Match Ticket Price Comparator Africa. watercolor wash with ink line. Show practical African web app objects and forms. No readable text, no logos, no brand marks. 16:9, polished, useful for social cards.",Canonical app image. Reuse for translated pages unless visible localized text is required. Category=sports; tier=T3.
11,tool-card,54,Ethiopia Greenhouse Cost Estimator,greenhouse-ethiopia,greenhouse-ethiopia,/agriculture/greenhouse/ethiopia,/assets/img/tools/,greenhouse-ethiopia.webp,800x450,WebP,"Create an AfroTools web-card banner for Ethiopia Greenhouse Cost Estimator. modern dashboard abstraction. Show field planning, produce, seeds, irrigation, farm notebook. No readable text, no logos, no brand marks. 16:9, polished, useful for social cards.",Canonical app image. Reuse for translated pages unless visible localized text is required. Category=agriculture; tier=T3.
12,tool-card,54,DR Congo Farm Profit Calculator,farm-profit-dr-congo,farm-profit-dr-congo,/agriculture/farm-profit/dr-congo,/assets/img/tools/,farm-profit-dr-congo.webp,800x450,WebP,"Create an AfroTools web-card banner for DR Congo Farm Profit Calculator. flat paper texture illustration. Show field planning, produce, seeds, irrigation, farm notebook. No readable text, no logos, no brand marks. 16:9, polished, useful for social cards.",Canonical app image. Reuse for translated pages unless visible localized text is required. Category=agriculture; tier=T3.
13,tool-card,54,Senegal Farm Profit Calculator,farm-profit-senegal,farm-profit-senegal,/agriculture/farm-profit/senegal,/assets/img/tools/,farm-profit-senegal.webp,800x450,WebP,"Create an AfroTools web-card banner for Senegal Farm Profit Calculator. watercolor wash with ink line. Show field planning, produce, seeds, irrigation, farm notebook. No readable text, no logos, no brand marks. 16:9, polished, useful for social cards.",Canonical app image. Reuse for translated pages unless visible localized text is required. Category=agriculture; tier=T3.
14,tool-card,54,Uganda Farm Profit Calculator,farm-profit-uganda,farm-profit-uganda,/agriculture/farm-profit/uganda,/assets/img/tools/,farm-profit-uganda.webp,800x450,WebP,"Create an AfroTools web-card banner for Uganda Farm Profit Calculator. modern dashboard abstraction. Show field planning, produce, seeds, irrigation, farm notebook. No readable text, no logos, no brand marks. 16:9, polished, useful for social cards.",Canonical app image. Reuse for translated pages unless visible localized text is required. Category=agriculture; tier=T3.
15,tool-card,54,Tanzania Farm Worker Payroll Calculator,farm-payroll-tanzania,farm-payroll-tanzania,/agriculture/farm-payroll/tanzania,/assets/img/tools/,farm-payroll-tanzania.webp,800x450,WebP,"Create an AfroTools web-card banner for Tanzania Farm Worker Payroll Calculator. watercolor wash with ink line. Show field planning, produce, seeds, irrigation, farm notebook. No readable text, no logos, no brand marks. 16:9, polished, useful for social cards.",Canonical app image. Reuse for translated pages unless visible localized text is required. Category=agriculture; tier=T3.
16,tool-card,52,Tanzania Livestock Feed Calculator,livestock-feed-tanzania,livestock-feed-tanzania,/agriculture/livestock-feed/tanzania,/assets/img/tools/,livestock-feed-tanzania.webp,800x450,WebP,"Create an AfroTools web-card banner for Tanzania Livestock Feed Calculator. modern dashboard abstraction. Show field planning, produce, seeds, irrigation, farm notebook. No readable text, no logos, no brand marks. 16:9, polished, useful for social cards.",Canonical app image. Reuse for translated pages unless visible localized text is required. Category=agriculture; tier=T3.
17,tool-card,52,Tanzania Fish Farming ROI,fish-farming-tanzania,fish-farming-tanzania,/agriculture/fish-farming/tanzania,/assets/img/tools/,fish-farming-tanzania.webp,800x450,WebP,"Create an AfroTools web-card banner for Tanzania Fish Farming ROI. simple doodle, soft pastel fills, black outline. Show field planning, produce, seeds, irrigation, farm notebook. No readable text, no logos, no brand marks. 16:9, polished, useful for social cards.",Canonical app image. Reuse for translated pages unless visible localized text is required. Category=agriculture; tier=T3.
18,tool-card,52,Algeria Farm Worker Payroll Calculator,farm-payroll-algeria,farm-payroll-algeria,/agriculture/farm-payroll/algeria,/assets/img/tools/,farm-payroll-algeria.webp,800x450,WebP,"Create an AfroTools web-card banner for Algeria Farm Worker Payroll Calculator. soft 3D clay still life. Show field planning, produce, seeds, irrigation, farm notebook. No readable text, no logos, no brand marks. 16:9, polished, useful for social cards.",Canonical app image. Reuse for translated pages unless visible localized text is required. Category=agriculture; tier=T3.
19,tool-card,52,Senegal Farm Worker Payroll Calculator,farm-payroll-senegal,farm-payroll-senegal,/agriculture/farm-payroll/senegal,/assets/img/tools/,farm-payroll-senegal.webp,800x450,WebP,"Create an AfroTools web-card banner for Senegal Farm Worker Payroll Calculator. flat paper texture illustration. Show field planning, produce, seeds, irrigation, farm notebook. No readable text, no logos, no brand marks. 16:9, polished, useful for social cards.",Canonical app image. Reuse for translated pages unless visible localized text is required. Category=agriculture; tier=T3.
20,tool-card,51,Cameroon Agri-Input Price Comparator,input-prices-cameroon,input-prices-cameroon,/agriculture/input-prices/cameroon,/assets/img/tools/,input-prices-cameroon.webp,800x450,WebP,"Create an AfroTools web-card banner for Cameroon Agri-Input Price Comparator. soft 3D clay still life. Show field planning, produce, seeds, irrigation, farm notebook. No readable text, no logos, no brand marks. 16:9, polished, useful for social cards.",Canonical app image. Reuse for translated pages unless visible localized text is required. Category=agriculture; tier=T3.
21,tool-card,51,Senegal Agri-Input Price Comparator,input-prices-senegal,input-prices-senegal,/agriculture/input-prices/senegal,/assets/img/tools/,input-prices-senegal.webp,800x450,WebP,"Create an AfroTools web-card banner for Senegal Agri-Input Price Comparator. watercolor wash with ink line. Show field planning, produce, seeds, irrigation, farm notebook. No readable text, no logos, no brand marks. 16:9, polished, useful for social cards.",Canonical app image. Reuse for translated pages unless visible localized text is required. Category=agriculture; tier=T3.
22,tool-card,51,Tunisia Agri-Input Price Comparator,input-prices-tunisia,input-prices-tunisia,/agriculture/input-prices/tunisia,/assets/img/tools/,input-prices-tunisia.webp,800x450,WebP,"Create an AfroTools web-card banner for Tunisia Agri-Input Price Comparator. clean editorial desk scene, warm light. Show field planning, produce, seeds, irrigation, farm notebook. No readable text, no logos, no brand marks. 16:9, polished, useful for social cards.",Canonical app image. Reuse for translated pages unless visible localized text is required. Category=agriculture; tier=T3.
23,tool-card,51,Uganda Livestock Feed Calculator,livestock-feed-uganda,livestock-feed-uganda,/agriculture/livestock-feed/uganda,/assets/img/tools/,livestock-feed-uganda.webp,800x450,WebP,"Create an AfroTools web-card banner for Uganda Livestock Feed Calculator. soft 3D clay still life. Show field planning, produce, seeds, irrigation, farm notebook. No readable text, no logos, no brand marks. 16:9, polished, useful for social cards.",Canonical app image. Reuse for translated pages unless visible localized text is required. Category=agriculture; tier=T3.
24,tool-card,51,Cameroon Greenhouse Cost Estimator,greenhouse-cameroon,greenhouse-cameroon,/agriculture/greenhouse/cameroon,/assets/img/tools/,greenhouse-cameroon.webp,800x450,WebP,"Create an AfroTools web-card banner for Cameroon Greenhouse Cost Estimator. flat paper texture illustration. Show field planning, produce, seeds, irrigation, farm notebook. No readable text, no logos, no brand marks. 16:9, polished, useful for social cards.",Canonical app image. Reuse for translated pages unless visible localized text is required. Category=agriculture; tier=T3.
25,tool-card,51,Côte d'Ivoire Greenhouse Cost Estimator,greenhouse-cote-d-ivoire,greenhouse-cote-d-ivoire,/agriculture/greenhouse/cote-d-ivoire,/assets/img/tools/,greenhouse-cote-d-ivoire.webp,800x450,WebP,"Create an AfroTools web-card banner for Côte d'Ivoire Greenhouse Cost Estimator. clean editorial desk scene, warm light. Show field planning, produce, seeds, irrigation, farm notebook. No readable text, no logos, no brand marks. 16:9, polished, useful for social cards.",Canonical app image. Reuse for translated pages unless visible localized text is required. Category=agriculture; tier=T3.
26,tool-card,51,Rwanda Greenhouse Cost Estimator,greenhouse-rwanda,greenhouse-rwanda,/agriculture/greenhouse/rwanda,/assets/img/tools/,greenhouse-rwanda.webp,800x450,WebP,"Create an AfroTools web-card banner for Rwanda Greenhouse Cost Estimator. simple doodle, soft pastel fills, black outline. Show field planning, produce, seeds, irrigation, farm notebook. No readable text, no logos, no brand marks. 16:9, polished, useful for social cards.",Canonical app image. Reuse for translated pages unless visible localized text is required. Category=agriculture; tier=T3.
27,tool-card,51,Senegal Greenhouse Cost Estimator,greenhouse-senegal,greenhouse-senegal,/agriculture/greenhouse/senegal,/assets/img/tools/,greenhouse-senegal.webp,800x450,WebP,"Create an AfroTools web-card banner for Senegal Greenhouse Cost Estimator. modern dashboard abstraction. Show field planning, produce, seeds, irrigation, farm notebook. No readable text, no logos, no brand marks. 16:9, polished, useful for social cards.",Canonical app image. Reuse for translated pages unless visible localized text is required. Category=agriculture; tier=T3.
28,tool-card,51,Tunisia Greenhouse Cost Estimator,greenhouse-tunisia,greenhouse-tunisia,/agriculture/greenhouse/tunisia,/assets/img/tools/,greenhouse-tunisia.webp,800x450,WebP,"Create an AfroTools web-card banner for Tunisia Greenhouse Cost Estimator. watercolor wash with ink line. Show field planning, produce, seeds, irrigation, farm notebook. No readable text, no logos, no brand marks. 16:9, polished, useful for social cards.",Canonical app image. Reuse for translated pages unless visible localized text is required. Category=agriculture; tier=T3.
29,tool-card,51,DR Congo Farm Worker Payroll Calculator,farm-payroll-dr-congo,farm-payroll-dr-congo,/agriculture/farm-payroll/dr-congo,/assets/img/tools/,farm-payroll-dr-congo.webp,800x450,WebP,"Create an AfroTools web-card banner for DR Congo Farm Worker Payroll Calculator. soft 3D clay still life. Show field planning, produce, seeds, irrigation, farm notebook. No readable text, no logos, no brand marks. 16:9, polished, useful for social cards.",Canonical app image. Reuse for translated pages unless visible localized text is required. Category=agriculture; tier=T3.
30,tool-card,51,Uganda Farm Worker Payroll Calculator,farm-payroll-uganda,farm-payroll-uganda,/agriculture/farm-payroll/uganda,/assets/img/tools/,farm-payroll-uganda.webp,800x450,WebP,"Create an AfroTools web-card banner for Uganda Farm Worker Payroll Calculator. watercolor wash with ink line. Show field planning, produce, seeds, irrigation, farm notebook. No readable text, no logos, no brand marks. 16:9, polished, useful for social cards.",Canonical app image. Reuse for translated pages unless visible localized text is required. Category=agriculture; tier=T3.
31,tool-card,50,"50/30/20 Budget Calculator for Africa — Needs, Wants & Savings",50-30-20-budget,50-30-20-budget,/tools/50-30-20-budget/,/assets/img/tools/,50-30-20-budget.webp,800x450,WebP,"Create an AfroTools web-card banner for 50/30/20 Budget Calculator for Africa — Needs, Wants & Savings. flat paper texture illustration. Show practical African web app objects and forms. No readable text, no logos, no brand marks. 16:9, polished, useful for social cards.",Canonical app image. Reuse for translated pages unless visible localized text is required. Category=personal-finance; tier=T3.
32,tool-card,50,Affidavit Generator Africa 2026 — Free Legal Affidavit Template,affidavit-generator,affidavit-generator,/tools/affidavit-generator/,/assets/img/tools/,affidavit-generator.webp,800x450,WebP,"Create an AfroTools web-card banner for Affidavit Generator Africa 2026 — Free Legal Affidavit Template. soft 3D clay still life. Show documents, checklist, signature pen, business folder. No readable text, no logos, no brand marks. 16:9, polished, useful for social cards.",Canonical app image. Reuse for translated pages unless visible localized text is required. Category=legal; tier=T3.
33,tool-card,50,Africa Domestic Flight Price Tracker,africa-flight,africa-flight,/tools/africa-flight/,/assets/img/tools/,africa-flight.webp,800x450,WebP,"Create an AfroTools web-card banner for Africa Domestic Flight Price Tracker. modern dashboard abstraction. Show practical African web app objects and forms. No readable text, no logos, no brand marks. 16:9, polished, useful for social cards.",Canonical app image. Reuse for translated pages unless visible localized text is required. Category=travel-tourism; tier=T3.
34,tool-card,50,"African API Directory — Fintech, Gov, Telecom APIs",african-api-directory,african-api-directory,/tools/african-api-directory/,/assets/img/tools/,african-api-directory.webp,800x450,WebP,"Create an AfroTools web-card banner for African API Directory — Fintech, Gov, Telecom APIs. flat paper texture illustration. Show abstract code blocks, browser window, API cards. No readable text, no logos, no brand marks. 16:9, polished, useful for social cards.",Canonical app image. Reuse for translated pages unless visible localized text is required. Category=developer; tier=T3.
35,tool-card,50,African Domain Checker — .ng .ke .za .gh TLDs Guide,african-domains,african-domains,/tools/african-domains/,/assets/img/tools/,african-domains.webp,800x450,WebP,"Create an AfroTools web-card banner for African Domain Checker — .ng .ke .za .gh TLDs Guide. modern dashboard abstraction. Show abstract code blocks, browser window, API cards. No readable text, no logos, no brand marks. 16:9, polished, useful for social cards.",Canonical app image. Reuse for translated pages unless visible localized text is required. Category=developer; tier=T3.
36,tool-card,50,"African Color Palette Generator — Kente, Invoice, Savanna",african-palette,african-palette,/tools/african-palette/,/assets/img/tools/,african-palette.webp,800x450,WebP,"Create an AfroTools web-card banner for African Color Palette Generator — Kente, Invoice, Savanna. soft 3D clay still life. Show creator desk, camera, content calendar. No readable text, no logos, no brand marks. 16:9, polished, useful for social cards.",Canonical app image. Reuse for translated pages unless visible localized text is required. Category=creative; tier=T3.
37,tool-card,50,"African Proverb Generator — Yoruba, Swahili, Zulu, Akan",african-proverbs,african-proverbs,/tools/african-proverbs/,/assets/img/tools/,african-proverbs.webp,800x450,WebP,"Create an AfroTools web-card banner for African Proverb Generator — Yoruba, Swahili, Zulu, Akan. clean editorial desk scene, warm light. Show practical African web app objects and forms. No readable text, no logos, no brand marks. 16:9, polished, useful for social cards.",Canonical app image. Reuse for translated pages unless visible localized text is required. Category=religious-cultural; tier=T3.
38,tool-card,50,"Airbnb vs Hotel Comparator Africa — Lagos, Nairobi, Cape Town",airbnb-vs-hotel,airbnb-vs-hotel,/tools/airbnb-vs-hotel/,/assets/img/tools/,airbnb-vs-hotel.webp,800x450,WebP,"Create an AfroTools web-card banner for Airbnb vs Hotel Comparator Africa — Lagos, Nairobi, Cape Town. soft 3D clay still life. Show practical African web app objects and forms. No readable text, no logos, no brand marks. 16:9, polished, useful for social cards.",Canonical app image. Reuse for translated pages unless visible localized text is required. Category=travel-tourism; tier=T3.
39,tool-card,50,"Airport Transfer Cost Comparator — Lagos, Nairobi, Accra, Johannesburg",airport-transfer,airport-transfer,/tools/airport-transfer/,/assets/img/tools/,airport-transfer.webp,800x450,WebP,"Create an AfroTools web-card banner for Airport Transfer Cost Comparator — Lagos, Nairobi, Accra, Johannesburg. watercolor wash with ink line. Show practical African web app objects and forms. No readable text, no logos, no brand marks. 16:9, polished, useful for social cards.",Canonical app image. Reuse for translated pages unless visible localized text is required. Category=travel-tourism; tier=T3.
40,tool-card,50,Album / EP Release Budget Calculator — Africa,album-budget,album-budget,/tools/album-budget/,/assets/img/tools/,album-budget.webp,800x450,WebP,"Create an AfroTools web-card banner for Album / EP Release Budget Calculator — Africa. modern dashboard abstraction. Show practical African web app objects and forms. No readable text, no logos, no brand marks. 16:9, polished, useful for social cards.",Canonical app image. Reuse for translated pages unless visible localized text is required. Category=personal-finance; tier=T3.
41,afrostream-news,470,"BET Awards 2026 nominations put Tems, Tyla, Wizkid, Asake and Burna Boy in major categories",bet-awards-2026-african-nominations,bet-awards-2026-african-nominations,/tools/afrostream/news/bet-awards-2026-african-nominations/,/assets/img/afrostream/news/,bet-awards-2026-african-nominations.webp,1200x630,WebP,"Create an AfroStream news feature image for: BET Awards 2026 nominations put Tems, Tyla, Wizkid, Asake and Burna Boy in major categories. Editorial African creator-economy scene, symbolic and original. Do not depict exact celebrity likenesses, exact award logos, platform logos, readable text, or fake screenshots. 1200x630 social crop, lively but credible.","Live as_news row missing image_url. After upload, set image_url to /assets/img/afrostream/news/bet-awards-2026-african-nominations.webp. Category=milestones."
42,afrostream-news,469,Click Awards 2026 recognises Kenyan creator-entrepreneurs at International Creator Day,click-awards-2026-kenya-creator-entrepreneurs,click-awards-2026-kenya-creator-entrepreneurs,/tools/afrostream/news/click-awards-2026-kenya-creator-entrepreneurs/,/assets/img/afrostream/news/,click-awards-2026-kenya-creator-entrepreneurs.webp,1200x630,WebP,"Create an AfroStream news feature image for: Click Awards 2026 recognises Kenyan creator-entrepreneurs at International Creator Day. Editorial African creator-economy scene, symbolic and original. Do not depict exact celebrity likenesses, exact award logos, platform logos, readable text, or fake screenshots. 1200x630 social crop, lively but credible.","Live as_news row missing image_url. After upload, set image_url to /assets/img/afrostream/news/click-awards-2026-kenya-creator-entrepreneurs.webp. Category=milestones."
43,afrostream-news,468,African Creators Summit opens ACS 2026 registration for pan-African creator network,african-creators-summit-2026-registration,african-creators-summit-2026-registration,/tools/afrostream/news/african-creators-summit-2026-registration/,/assets/img/afrostream/news/,african-creators-summit-2026-registration.webp,1200x630,WebP,"Create an AfroStream news feature image for: African Creators Summit opens ACS 2026 registration for pan-African creator network. Editorial African creator-economy scene, symbolic and original. Do not depict exact celebrity likenesses, exact award logos, platform logos, readable text, or fake screenshots. 1200x630 social crop, lively but credible.","Live as_news row missing image_url. After upload, set image_url to /assets/img/afrostream/news/african-creators-summit-2026-registration.webp. Category=platform."
44,afrostream-news,467,Stonebwoy releases TORCHER II as a 15-track Ghanaian dancehall album,stonebwoy-torcher-ii-album-release-2026,stonebwoy-torcher-ii-album-release-2026,/tools/afrostream/news/stonebwoy-torcher-ii-album-release-2026/,/assets/img/afrostream/news/,stonebwoy-torcher-ii-album-release-2026.webp,1200x630,WebP,"Create an AfroStream news feature image for: Stonebwoy releases TORCHER II as a 15-track Ghanaian dancehall album. Editorial African creator-economy scene, symbolic and original. Do not depict exact celebrity likenesses, exact award logos, platform logos, readable text, or fake screenshots. 1200x630 social crop, lively but credible.","Live as_news row missing image_url. After upload, set image_url to /assets/img/afrostream/news/stonebwoy-torcher-ii-album-release-2026.webp. Category=milestones."
45,afrostream-news,466,CerAwards Africa gives Nigerian beauty creators Paris trips and NGN 12m prize stage,cerawards-2026-nigeria-creators-konga-cerave,cerawards-2026-nigeria-creators-konga-cerave,/tools/afrostream/news/cerawards-2026-nigeria-creators-konga-cerave/,/assets/img/afrostream/news/,cerawards-2026-nigeria-creators-konga-cerave.webp,1200x630,WebP,"Create an AfroStream news feature image for: CerAwards Africa gives Nigerian beauty creators Paris trips and NGN 12m prize stage. Editorial African creator-economy scene, symbolic and original. Do not depict exact celebrity likenesses, exact award logos, platform logos, readable text, or fake screenshots. 1200x630 social crop, lively but credible.","Live as_news row missing image_url. After upload, set image_url to /assets/img/afrostream/news/cerawards-2026-nigeria-creators-konga-cerave.webp. Category=business."
46,afrostream-news,465,Uganda Bobi Wine on the books and songs that shape his politics,uganda-s-bobi-wine-on-the-books-and-songs-that-shape-his-politics-f7btfr,uganda-s-bobi-wine-on-the-books-and-songs-that-shape-his-politics-f7btfr,/tools/afrostream/news/uganda-s-bobi-wine-on-the-books-and-songs-that-shape-his-politics-f7btfr/,/assets/img/afrostream/news/,uganda-s-bobi-wine-on-the-books-and-songs-that-shape-his-politics-f7btfr.webp,1200x630,WebP,"Create an AfroStream news feature image for: Uganda Bobi Wine on the books and songs that shape his politics. Editorial African creator-economy scene, symbolic and original. Do not depict exact celebrity likenesses, exact award logos, platform logos, readable text, or fake screenshots. 1200x630 social crop, lively but credible.","Live as_news row missing image_url. After upload, set image_url to /assets/img/afrostream/news/uganda-s-bobi-wine-on-the-books-and-songs-that-shape-his-politics-f7btfr.webp. Category=milestones."
47,afrostream-news,464,National Arts Festival 2026 gives South African creators a 270-production Makhanda platform,national-arts-festival-2026-south-africa-creators,national-arts-festival-2026-south-africa-creators,/tools/afrostream/news/national-arts-festival-2026-south-africa-creators/,/assets/img/afrostream/news/,national-arts-festival-2026-south-africa-creators.webp,1200x630,WebP,"Create an AfroStream news feature image for: National Arts Festival 2026 gives South African creators a 270-production Makhanda platform. Editorial African creator-economy scene, symbolic and original. Do not depict exact celebrity likenesses, exact award logos, platform logos, readable text, or fake screenshots. 1200x630 social crop, lively but credible.","Live as_news row missing image_url. After upload, set image_url to /assets/img/afrostream/news/national-arts-festival-2026-south-africa-creators.webp. Category=platform."
48,afrostream-news,463,AfroCannes 2026 puts African film creators in Cannes creator-economy week,afrocannes-2026-cannes-african-creator-platform,afrocannes-2026-cannes-african-creator-platform,/tools/afrostream/news/afrocannes-2026-cannes-african-creator-platform/,/assets/img/afrostream/news/,afrocannes-2026-cannes-african-creator-platform.webp,1200x630,WebP,"Create an AfroStream news feature image for: AfroCannes 2026 puts African film creators in Cannes creator-economy week. Editorial African creator-economy scene, symbolic and original. Do not depict exact celebrity likenesses, exact award logos, platform logos, readable text, or fake screenshots. 1200x630 social crop, lively but credible.","Live as_news row missing image_url. After upload, set image_url to /assets/img/afrostream/news/afrocannes-2026-cannes-african-creator-platform.webp. Category=platform."
49,afrostream-news,462,Rema and Tyla named for FIFA World Cup 2026 Los Angeles opening celebration,rema-tyla-fifa-world-cup-2026-los-angeles-opening-celebration,rema-tyla-fifa-world-cup-2026-los-angeles-opening-celebration,/tools/afrostream/news/rema-tyla-fifa-world-cup-2026-los-angeles-opening-celebration/,/assets/img/afrostream/news/,rema-tyla-fifa-world-cup-2026-los-angeles-opening-celebration.webp,1200x630,WebP,"Create an AfroStream news feature image for: Rema and Tyla named for FIFA World Cup 2026 Los Angeles opening celebration. Editorial African creator-economy scene, symbolic and original. Do not depict exact celebrity likenesses, exact award logos, platform logos, readable text, or fake screenshots. 1200x630 social crop, lively but credible.","Live as_news row missing image_url. After upload, set image_url to /assets/img/afrostream/news/rema-tyla-fifa-world-cup-2026-los-angeles-opening-celebration.webp. Category=milestones."
50,afrostream-news,461,Moonchild Sanelly to debut Full Moon live in Joburg for first time,sa-moonchild-sanelly-to-debut-full-moon-live-in-joburg-for-first-time-2pdk5k,sa-moonchild-sanelly-to-debut-full-moon-live-in-joburg-for-first-time-2pdk5k,/tools/afrostream/news/sa-moonchild-sanelly-to-debut-full-moon-live-in-joburg-for-first-time-2pdk5k/,/assets/img/afrostream/news/,sa-moonchild-sanelly-to-debut-full-moon-live-in-joburg-for-first-time-2pdk5k.webp,1200x630,WebP,"Create an AfroStream news feature image for: Moonchild Sanelly to debut Full Moon live in Joburg for first time. Editorial African creator-economy scene, symbolic and original. Do not depict exact celebrity likenesses, exact award logos, platform logos, readable text, or fake screenshots. 1200x630 social crop, lively but credible.","Live as_news row missing image_url. After upload, set image_url to /assets/img/afrostream/news/sa-moonchild-sanelly-to-debut-full-moon-live-in-joburg-for-first-time-2pdk5k.webp. Category=milestones."
51,afrostream-news,460,Soso and Kanaga Jr win AMVCA digital creator award for Leave To Live,soso-kanaga-amvca-2026-digital-content-creator-win,soso-kanaga-amvca-2026-digital-content-creator-win,/tools/afrostream/news/soso-kanaga-amvca-2026-digital-content-creator-win/,/assets/img/afrostream/news/,soso-kanaga-amvca-2026-digital-content-creator-win.webp,1200x630,WebP,"Create an AfroStream news feature image for: Soso and Kanaga Jr win AMVCA digital creator award for Leave To Live. Editorial African creator-economy scene, symbolic and original. Do not depict exact celebrity likenesses, exact award logos, platform logos, readable text, or fake screenshots. 1200x630 social crop, lively but credible.","Live as_news row missing image_url. After upload, set image_url to /assets/img/afrostream/news/soso-kanaga-amvca-2026-digital-content-creator-win.webp. Category=milestones."
52,afrostream-news,459,Davido announced as 2026 Black Music and Entertainment Walk Of Fame inductee,davido-announced-as-2026-black-music-and-038-entertainment-walk-of-fame-in-fixt5u,davido-announced-as-2026-black-music-and-038-entertainment-walk-of-fame-in-fixt5u,/tools/afrostream/news/davido-announced-as-2026-black-music-and-038-entertainment-walk-of-fame-in-fixt5u/,/assets/img/afrostream/news/,davido-announced-as-2026-black-music-and-038-entertainment-walk-of-fame-in-fixt5u.webp,1200x630,WebP,"Create an AfroStream news feature image for: Davido announced as 2026 Black Music and Entertainment Walk Of Fame inductee. Editorial African creator-economy scene, symbolic and original. Do not depict exact celebrity likenesses, exact award logos, platform logos, readable text, or fake screenshots. 1200x630 social crop, lively but credible.","Live as_news row missing image_url. After upload, set image_url to /assets/img/afrostream/news/davido-announced-as-2026-black-music-and-038-entertainment-walk-of-fame-in-fixt5u.webp. Category=milestones."
53,afrostream-news,458,Black Sherif wins Artiste Of The Year at 27th TGMA,black-sherif-wins-artiste-of-the-year-at-27th-tgma-full-winners-list-fixt5q,black-sherif-wins-artiste-of-the-year-at-27th-tgma-full-winners-list-fixt5q,/tools/afrostream/news/black-sherif-wins-artiste-of-the-year-at-27th-tgma-full-winners-list-fixt5q/,/assets/img/afrostream/news/,black-sherif-wins-artiste-of-the-year-at-27th-tgma-full-winners-list-fixt5q.webp,1200x630,WebP,"Create an AfroStream news feature image for: Black Sherif wins Artiste Of The Year at 27th TGMA. Editorial African creator-economy scene, symbolic and original. Do not depict exact celebrity likenesses, exact award logos, platform logos, readable text, or fake screenshots. 1200x630 social crop, lively but credible.","Live as_news row missing image_url. After upload, set image_url to /assets/img/afrostream/news/black-sherif-wins-artiste-of-the-year-at-27th-tgma-full-winners-list-fixt5q.webp. Category=milestones."
54,afrostream-news,457,Google AICC spotlights Ghana creators building AI apps in Accra,google-aicc-flutterflow-ghana-creators-2026,google-aicc-flutterflow-ghana-creators-2026,/tools/afrostream/news/google-aicc-flutterflow-ghana-creators-2026/,/assets/img/afrostream/news/,google-aicc-flutterflow-ghana-creators-2026.webp,1200x630,WebP,"Create an AfroStream news feature image for: Google AICC spotlights Ghana creators building AI apps in Accra. Editorial African creator-economy scene, symbolic and original. Do not depict exact celebrity likenesses, exact award logos, platform logos, readable text, or fake screenshots. 1200x630 social crop, lively but credible.","Live as_news row missing image_url. After upload, set image_url to /assets/img/afrostream/news/google-aicc-flutterflow-ghana-creators-2026.webp. Category=platform."
55,afrostream-news,456,Guardian report spotlights African news creators reshaping social feeds,guardian-african-news-creators-social-feeds-2026,guardian-african-news-creators-social-feeds-2026,/tools/afrostream/news/guardian-african-news-creators-social-feeds-2026/,/assets/img/afrostream/news/,guardian-african-news-creators-social-feeds-2026.webp,1200x630,WebP,"Create an AfroStream news feature image for: Guardian report spotlights African news creators reshaping social feeds. Editorial African creator-economy scene, symbolic and original. Do not depict exact celebrity likenesses, exact award logos, platform logos, readable text, or fake screenshots. 1200x630 social crop, lively but credible.","Live as_news row missing image_url. After upload, set image_url to /assets/img/afrostream/news/guardian-african-news-creators-social-feeds-2026.webp. Category=platform."
56,afrostream-news,455,Pitcher Festival names 2026 jury leaders for Pan-African creative awards,pitcher-festival-2026-pan-african-creative-juries,pitcher-festival-2026-pan-african-creative-juries,/tools/afrostream/news/pitcher-festival-2026-pan-african-creative-juries/,/assets/img/afrostream/news/,pitcher-festival-2026-pan-african-creative-juries.webp,1200x630,WebP,"Create an AfroStream news feature image for: Pitcher Festival names 2026 jury leaders for Pan-African creative awards. Editorial African creator-economy scene, symbolic and original. Do not depict exact celebrity likenesses, exact award logos, platform logos, readable text, or fake screenshots. 1200x630 social crop, lively but credible.","Live as_news row missing image_url. After upload, set image_url to /assets/img/afrostream/news/pitcher-festival-2026-pan-african-creative-juries.webp. Category=platform."
57,afrostream-news,454,Tyla earns four American Music Awards nominations,tyla-four-american-music-awards-nominations-2026,tyla-four-american-music-awards-nominations-2026,/tools/afrostream/news/tyla-four-american-music-awards-nominations-2026/,/assets/img/afrostream/news/,tyla-four-american-music-awards-nominations-2026.webp,1200x630,WebP,"Create an AfroStream news feature image for: Tyla earns four American Music Awards nominations. Editorial African creator-economy scene, symbolic and original. Do not depict exact celebrity likenesses, exact award logos, platform logos, readable text, or fake screenshots. 1200x630 social crop, lively but credible.","Live as_news row missing image_url. After upload, set image_url to /assets/img/afrostream/news/tyla-four-american-music-awards-nominations-2026.webp. Category=milestones."
58,afrostream-news,453,Zee Nxumalo becomes Spotify EQUAL Africa ambassador for May,zee-nxumalo-spotify-equal-africa-may-2026,zee-nxumalo-spotify-equal-africa-may-2026,/tools/afrostream/news/zee-nxumalo-spotify-equal-africa-may-2026/,/assets/img/afrostream/news/,zee-nxumalo-spotify-equal-africa-may-2026.webp,1200x630,WebP,"Create an AfroStream news feature image for: Zee Nxumalo becomes Spotify EQUAL Africa ambassador for May. Editorial African creator-economy scene, symbolic and original. Do not depict exact celebrity likenesses, exact award logos, platform logos, readable text, or fake screenshots. 1200x630 social crop, lively but credible.","Live as_news row missing image_url. After upload, set image_url to /assets/img/afrostream/news/zee-nxumalo-spotify-equal-africa-may-2026.webp. Category=platform."
59,afrostream-news,452,UNESCO puts African digital creators on the World Press Freedom Day program in Lusaka,unesco-wpfd-lusaka-african-digital-creators-2026,unesco-wpfd-lusaka-african-digital-creators-2026,/tools/afrostream/news/unesco-wpfd-lusaka-african-digital-creators-2026/,/assets/img/afrostream/news/,unesco-wpfd-lusaka-african-digital-creators-2026.webp,1200x630,WebP,"Create an AfroStream news feature image for: UNESCO puts African digital creators on the World Press Freedom Day program in Lusaka. Editorial African creator-economy scene, symbolic and original. Do not depict exact celebrity likenesses, exact award logos, platform logos, readable text, or fake screenshots. 1200x630 social crop, lively but credible.","Live as_news row missing image_url. After upload, set image_url to /assets/img/afrostream/news/unesco-wpfd-lusaka-african-digital-creators-2026.webp. Category=platform."
60,afrostream-news,451,Shakira and Burna Boy collaborate on official 2026 FIFA World Cup anthem,shakira-and-burna-boy-collaborate-on-official-2026-fifa-world-cup-anthem-9opjn3,shakira-and-burna-boy-collaborate-on-official-2026-fifa-world-cup-anthem-9opjn3,/tools/afrostream/news/shakira-and-burna-boy-collaborate-on-official-2026-fifa-world-cup-anthem-9opjn3/,/assets/img/afrostream/news/,shakira-and-burna-boy-collaborate-on-official-2026-fifa-world-cup-anthem-9opjn3.webp,1200x630,WebP,"Create an AfroStream news feature image for: Shakira and Burna Boy collaborate on official 2026 FIFA World Cup anthem. Editorial African creator-economy scene, symbolic and original. Do not depict exact celebrity likenesses, exact award logos, platform logos, readable text, or fake screenshots. 1200x630 social crop, lively but credible.","Live as_news row missing image_url. After upload, set image_url to /assets/img/afrostream/news/shakira-and-burna-boy-collaborate-on-official-2026-fifa-world-cup-anthem-9opjn3.webp. Category=milestones."
61,afrostream-avatar,570,Ibn Hattuta Travels,ibn-hattuta-travels,ibn-hattuta-travels,/tools/afrostream/creator/ibn-hattuta-travels/,/assets/img/afrostream/creators/,ibn-hattuta-travels-avatar.webp,400x400,WebP,"Create an original AfroStream creator avatar for Ibn Hattuta Travels from JO. Broad public-persona resemblance only, not a copy of any specific photo and not an exact face clone. Cues: travel, arabic, jordanian, vlogging, culture. Centered head-and-shoulders, circular-crop safe, warm studio lighting, no logos, no text.","If guardrails reject the name, retry with only the country/category/tags cues and keep the same filename."
62,afrostream-avatar,560,Djalil Palermo,djalil-palermo,djalil-palermo,/tools/afrostream/creator/djalil-palermo/,/assets/img/afrostream/creators/,djalil-palermo-avatar.webp,400x400,WebP,"Create an original AfroStream creator avatar for Djalil Palermo from DZ. Broad public-persona resemblance only, not a copy of any specific photo and not an exact face clone. Cues: music, rap, trap, algerian, street. Centered head-and-shoulders, circular-crop safe, warm studio lighting, no logos, no text.","If guardrails reject the name, retry with only the country/category/tags cues and keep the same filename."
63,afrostream-avatar,560,EBS TV,ebs-tv,ebs-tv,/tools/afrostream/creator/ebs-tv/,/assets/img/afrostream/creators/,ebs-tv-avatar.webp,400x400,WebP,"Create an original AfroStream creator avatar for EBS TV from ET. Broad public-persona resemblance only, not a copy of any specific photo and not an exact face clone. Cues: entertainment, tv, ethiopian, talkshow, drama. Centered head-and-shoulders, circular-crop safe, warm studio lighting, no logos, no text.","If guardrails reject the name, retry with only the country/category/tags cues and keep the same filename."
64,afrostream-avatar,560,ElGrande Toto,elgrande-toto,elgrande-toto,/tools/afrostream/creator/elgrande-toto/,/assets/img/afrostream/creators/,elgrande-toto-avatar.webp,400x400,WebP,"Create an original AfroStream creator avatar for ElGrande Toto from MA. Broad public-persona resemblance only, not a copy of any specific photo and not an exact face clone. Cues: music, rap, moroccan, hiphop, north-african. Centered head-and-shoulders, circular-crop safe, warm studio lighting, no logos, no text.","If guardrails reject the name, retry with only the country/category/tags cues and keep the same filename."
65,afrostream-avatar,560,Fana TV,fana-tv,fana-tv,/tools/afrostream/creator/fana-tv/,/assets/img/afrostream/creators/,fana-tv-avatar.webp,400x400,WebP,"Create an original AfroStream creator avatar for Fana TV from ET. Broad public-persona resemblance only, not a copy of any specific photo and not an exact face clone. Cues: news, tv, ethiopian, media, culture. Centered head-and-shoulders, circular-crop safe, warm studio lighting, no logos, no text.","If guardrails reject the name, retry with only the country/category/tags cues and keep the same filename."
66,afrostream-avatar,560,Halle Tshungu,halle-tshungu,halle-tshungu,/tools/afrostream/creator/halle-tshungu/,/assets/img/afrostream/creators/,halle-tshungu-avatar.webp,400x400,WebP,"Create an original AfroStream creator avatar for Halle Tshungu from ZA. Broad public-persona resemblance only, not a copy of any specific photo and not an exact face clone. Cues: comedy, beauty, south-african, tiktok, lifestyle. Centered head-and-shoulders, circular-crop safe, warm studio lighting, no logos, no text.","If guardrails reject the name, retry with only the country/category/tags cues and keep the same filename."
67,afrostream-avatar,560,Kevin Richardson,kevin-richardson,kevin-richardson,/tools/afrostream/creator/kevin-richardson/,/assets/img/afrostream/creators/,kevin-richardson-avatar.webp,400x400,WebP,"Create an original AfroStream creator avatar for Kevin Richardson from ZA. Broad public-persona resemblance only, not a copy of any specific photo and not an exact face clone. Cues: wildlife, lions, conservation, south-african, nature. Centered head-and-shoulders, circular-crop safe, warm studio lighting, no logos, no text.","If guardrails reject the name, retry with only the country/category/tags cues and keep the same filename."
68,afrostream-avatar,560,Youssef Shaaban,youssef-shaaban,youssef-shaaban,/tools/afrostream/creator/youssef-shaaban/,/assets/img/afrostream/creators/,youssef-shaaban-avatar.webp,400x400,WebP,"Create an original AfroStream creator avatar for Youssef Shaaban from EG. Broad public-persona resemblance only, not a copy of any specific photo and not an exact face clone. Cues: comedy, skits, egyptian, humor, entertainment. Centered head-and-shoulders, circular-crop safe, warm studio lighting, no logos, no text.","If guardrails reject the name, retry with only the country/category/tags cues and keep the same filename."
69,afrostream-avatar,556,zerobrainer0,zerobrainer,zerobrainer,/tools/afrostream/creator/zerobrainer/,/assets/img/afrostream/creators/,zerobrainer-avatar.webp,400x400,WebP,"Create an original AfroStream creator avatar for zerobrainer0 from TZ. Broad public-persona resemblance only, not a copy of any specific photo and not an exact face clone. Cues: entertainment, variety, tanzanian, viral. Centered head-and-shoulders, circular-crop safe, warm studio lighting, no logos, no text.","If guardrails reject the name, retry with only the country/category/tags cues and keep the same filename."
70,afrostream-avatar,552,Eddy Kenzo,eddy-kenzo,eddy-kenzo,/tools/afrostream/creator/eddy-kenzo/,/assets/img/afrostream/creators/,eddy-kenzo-avatar.webp,400x400,WebP,"Create an original AfroStream creator avatar for Eddy Kenzo from UG. Broad public-persona resemblance only, not a copy of any specific photo and not an exact face clone. Cues: music, afrobeat, ugandan, bet-award. Centered head-and-shoulders, circular-crop safe, warm studio lighting, no logos, no text.","If guardrails reject the name, retry with only the country/category/tags cues and keep the same filename."
71,afrostream-avatar,550,Tyla,tyla,tyla,/tools/afrostream/creator/tyla/,/assets/img/afrostream/creators/,tyla-avatar.webp,400x400,WebP,"Create an original AfroStream creator avatar for Tyla from ZA. Broad public-persona resemblance only, not a copy of any specific photo and not an exact face clone. Cues: music, amapiano, pop, south-african, grammy, water. Centered head-and-shoulders, circular-crop safe, warm studio lighting, no logos, no text.","If guardrails reject the name, retry with only the country/category/tags cues and keep the same filename."
72,afrostream-avatar,550,Yassine Jarram,yassine-jarram,yassine-jarram,/tools/afrostream/creator/yassine-jarram/,/assets/img/afrostream/creators/,yassine-jarram-avatar.webp,400x400,WebP,"Create an original AfroStream creator avatar for Yassine Jarram from MA. Broad public-persona resemblance only, not a copy of any specific photo and not an exact face clone. Cues: comedy, entertainment, moroccan, commentary, viral. Centered head-and-shoulders, circular-crop safe, warm studio lighting, no logos, no text.","If guardrails reject the name, retry with only the country/category/tags cues and keep the same filename."
73,afrostream-avatar,545,Angella Summer Namubiru,angella-summer,angella-summer,/tools/afrostream/creator/angella-summer/,/assets/img/afrostream/creators/,angella-summer-avatar.webp,400x400,WebP,"Create an original AfroStream creator avatar for Angella Summer Namubiru from UG. Broad public-persona resemblance only, not a copy of any specific photo and not an exact face clone. Cues: beauty, lifestyle, ugandan, hair, tutorials. Centered head-and-shoulders, circular-crop safe, warm studio lighting, no logos, no text.","If guardrails reject the name, retry with only the country/category/tags cues and keep the same filename."
74,afrostream-avatar,545,Alikiba,alikiba,alikiba,/tools/afrostream/creator/alikiba/,/assets/img/afrostream/creators/,alikiba-avatar.webp,400x400,WebP,"Create an original AfroStream creator avatar for Alikiba from TZ. Broad public-persona resemblance only, not a copy of any specific photo and not an exact face clone. Cues: music, bongo-flava, tanzanian, rnb. Centered head-and-shoulders, circular-crop safe, warm studio lighting, no logos, no text.","If guardrails reject the name, retry with only the country/category/tags cues and keep the same filename."
75,afrostream-avatar,542,Marioo,marioo,marioo,/tools/afrostream/creator/marioo/,/assets/img/afrostream/creators/,marioo-avatar.webp,400x400,WebP,"Create an original AfroStream creator avatar for Marioo from TZ. Broad public-persona resemblance only, not a copy of any specific photo and not an exact face clone. Cues: music, bongo-flava, tanzanian, singer. Centered head-and-shoulders, circular-crop safe, warm studio lighting, no logos, no text.","If guardrails reject the name, retry with only the country/category/tags cues and keep the same filename."
76,car-hero,430,Ford Escape / Kuga 2005,ford-escape-kuga-2005,ford-escape-kuga-2005,/cars/vehicle/ford-escape-kuga-2005/,/assets/img/cars/ford/escape-kuga/2005/,ford-escape-kuga-2005-hero.jpg,800x500,JPG,"Create a clean catalogue-style vehicle hero image for a Ford Escape / Kuga 2005. Three-quarter front view, realistic lighting, neutral urban or driveway background, no license plate text, no dealership branding, no logo emphasis, 16:10 crop.",Car detail hero and listing thumbnail. Body type=suv.
77,car-hero,430,Ford Escape / Kuga 2008,ford-escape-kuga-2008,ford-escape-kuga-2008,/cars/vehicle/ford-escape-kuga-2008/,/assets/img/cars/ford/escape-kuga/2008/,ford-escape-kuga-2008-hero.jpg,800x500,JPG,"Create a clean catalogue-style vehicle hero image for a Ford Escape / Kuga 2008. Three-quarter front view, realistic lighting, neutral urban or driveway background, no license plate text, no dealership branding, no logo emphasis, 16:10 crop.",Car detail hero and listing thumbnail. Body type=suv.
78,car-hero,430,Ford Escape / Kuga 2011,ford-escape-kuga-2011,ford-escape-kuga-2011,/cars/vehicle/ford-escape-kuga-2011/,/assets/img/cars/ford/escape-kuga/2011/,ford-escape-kuga-2011-hero.jpg,800x500,JPG,"Create a clean catalogue-style vehicle hero image for a Ford Escape / Kuga 2011. Three-quarter front view, realistic lighting, neutral urban or driveway background, no license plate text, no dealership branding, no logo emphasis, 16:10 crop.",Car detail hero and listing thumbnail. Body type=suv.
79,car-hero,429,Ford Escape / Kuga 2014,ford-escape-kuga-2014,ford-escape-kuga-2014,/cars/vehicle/ford-escape-kuga-2014/,/assets/img/cars/ford/escape-kuga/2014/,ford-escape-kuga-2014-hero.jpg,800x500,JPG,"Create a clean catalogue-style vehicle hero image for a Ford Escape / Kuga 2014. Three-quarter front view, realistic lighting, neutral urban or driveway background, no license plate text, no dealership branding, no logo emphasis, 16:10 crop.",Car detail hero and listing thumbnail. Body type=suv.
80,car-hero,429,Ford Escape / Kuga 2017,ford-escape-kuga-2017,ford-escape-kuga-2017,/cars/vehicle/ford-escape-kuga-2017/,/assets/img/cars/ford/escape-kuga/2017/,ford-escape-kuga-2017-hero.jpg,800x500,JPG,"Create a clean catalogue-style vehicle hero image for a Ford Escape / Kuga 2017. Three-quarter front view, realistic lighting, neutral urban or driveway background, no license plate text, no dealership branding, no logo emphasis, 16:10 crop.",Car detail hero and listing thumbnail. Body type=suv.
81,car-hero,429,Ford Escape / Kuga 2020,ford-escape-kuga-2020,ford-escape-kuga-2020,/cars/vehicle/ford-escape-kuga-2020/,/assets/img/cars/ford/escape-kuga/2020/,ford-escape-kuga-2020-hero.jpg,800x500,JPG,"Create a clean catalogue-style vehicle hero image for a Ford Escape / Kuga 2020. Three-quarter front view, realistic lighting, neutral urban or driveway background, no license plate text, no dealership branding, no logo emphasis, 16:10 crop.",Car detail hero and listing thumbnail. Body type=suv.
82,car-hero,426,Ford Ranger 2012,ford-ranger-2012,ford-ranger-2012,/cars/vehicle/ford-ranger-2012/,/assets/img/cars/ford/ranger/2012/,ford-ranger-2012-hero.jpg,800x500,JPG,"Create a clean catalogue-style vehicle hero image for a Ford Ranger 2012. Three-quarter front view, realistic lighting, neutral urban or driveway background, no license plate text, no dealership branding, no logo emphasis, 16:10 crop.",Car detail hero and listing thumbnail. Body type=pickup.
83,car-hero,425,Honda Accord 2008,honda-accord-2008,honda-accord-2008,/cars/vehicle/honda-accord-2008/,/assets/img/cars/honda/accord/2008/,honda-accord-2008-hero.jpg,800x500,JPG,"Create a clean catalogue-style vehicle hero image for a Honda Accord 2008. Three-quarter front view, realistic lighting, neutral urban or driveway background, no license plate text, no dealership branding, no logo emphasis, 16:10 crop.",Car detail hero and listing thumbnail. Body type=sedan.
84,car-hero,424,Honda Accord 2011,honda-accord-2011,honda-accord-2011,/cars/vehicle/honda-accord-2011/,/assets/img/cars/honda/accord/2011/,honda-accord-2011-hero.jpg,800x500,JPG,"Create a clean catalogue-style vehicle hero image for a Honda Accord 2011. Three-quarter front view, realistic lighting, neutral urban or driveway background, no license plate text, no dealership branding, no logo emphasis, 16:10 crop.",Car detail hero and listing thumbnail. Body type=sedan.
85,car-hero,424,Honda Accord 2016,honda-accord-2016,honda-accord-2016,/cars/vehicle/honda-accord-2016/,/assets/img/cars/honda/accord/2016/,honda-accord-2016-hero.jpg,800x500,JPG,"Create a clean catalogue-style vehicle hero image for a Honda Accord 2016. Three-quarter front view, realistic lighting, neutral urban or driveway background, no license plate text, no dealership branding, no logo emphasis, 16:10 crop.",Car detail hero and listing thumbnail. Body type=sedan.
86,kitchen-recipe,440,Tigadegena - Finished dish hero,tigadegena-ml,tigadegena-ml,/tools/afrokitchen/recipes/tigadegena-ml/,/assets/img/kitchen/,tigadegena-ml.webp,800x600,WebP,"Finished Tigadegena, a Mali stew, plated finished dish in warm natural light, inspectable texture, no text, no logos. No text, no logos, natural food texture, realistic, 4:3 crop.",AfroKitchen hero asset. Country=Mali.
87,kitchen-recipe,440,Chicken Tagine with Preserved Lemons & Olives - Finished dish hero,chicken-tagine-preserved-lemons-ma,chicken-tagine-preserved-lemons-ma,/tools/afrokitchen/recipes/chicken-tagine-preserved-lemons-ma/,/assets/img/kitchen/,chicken-tagine-preserved-lemons-ma.webp,800x600,WebP,"Finished Chicken Tagine with Preserved Lemons & Olives, a Morocco main, plated finished dish in warm natural light, inspectable texture, no text, no logos. No text, no logos, natural food texture, realistic, 4:3 crop.",AfroKitchen hero asset. Country=Morocco.
88,kitchen-recipe,440,Dambou - Finished dish hero,dambou-ne,dambou-ne,/tools/afrokitchen/recipes/dambou-ne/,/assets/img/kitchen/,dambou-ne.webp,800x600,WebP,"Finished Dambou, a Niger main, plated finished dish in warm natural light, inspectable texture, no text, no logos. No text, no logos, natural food texture, realistic, 4:3 crop.",AfroKitchen hero asset. Country=Niger.
89,kitchen-recipe,440,Jollof Rice - Finished dish hero,jollof-rice-ng,jollof-rice-ng,/tools/afrokitchen/recipes/jollof-rice-ng/,/assets/img/kitchen/,jollof-rice-ng.webp,800x600,WebP,"Finished Jollof Rice, a Nigeria main, plated finished dish in warm natural light, inspectable texture, no text, no logos. No text, no logos, natural food texture, realistic, 4:3 crop.",AfroKitchen hero asset. Country=Nigeria.
90,kitchen-recipe,440,Poulet à la Muambé - Finished dish hero,poulet-muambe-cg,poulet-muambe-cg,/tools/afrokitchen/recipes/poulet-muambe-cg/,/assets/img/kitchen/,poulet-muambe-cg.webp,800x600,WebP,"Finished Poulet à la Muambé, a Republic of Congo stew, plated finished dish in warm natural light, inspectable texture, no text, no logos. No text, no logos, natural food texture, realistic, 4:3 crop.",AfroKitchen hero asset. Country=Republic of Congo.
91,kitchen-recipe,440,Cassava Leaf Stew - Finished dish hero,cassava-leaf-stew-sl,cassava-leaf-stew-sl,/tools/afrokitchen/recipes/cassava-leaf-stew-sl/,/assets/img/kitchen/,cassava-leaf-stew-sl.webp,800x600,WebP,"Finished Cassava Leaf Stew, a Sierra Leone stew, plated finished dish in warm natural light, inspectable texture, no text, no logos. No text, no logos, natural food texture, realistic, 4:3 crop.",AfroKitchen hero asset. Country=Sierra Leone.
92,kitchen-recipe,440,Bobotie - Finished dish hero,bobotie-za,bobotie-za,/tools/afrokitchen/recipes/bobotie-za/,/assets/img/kitchen/,bobotie-za.webp,800x600,WebP,"Finished Bobotie, a South Africa main, plated finished dish in warm natural light, inspectable texture, no text, no logos. No text, no logos, natural food texture, realistic, 4:3 crop.",AfroKitchen hero asset. Country=South Africa.
93,kitchen-recipe,440,Koklo Meme - Finished dish hero,koklo-meme-tg,koklo-meme-tg,/tools/afrokitchen/recipes/koklo-meme-tg/,/assets/img/kitchen/,koklo-meme-tg.webp,800x600,WebP,"Finished Koklo Meme, a Togo main, plated finished dish in warm natural light, inspectable texture, no text, no logos. No text, no logos, natural food texture, realistic, 4:3 crop.",AfroKitchen hero asset. Country=Togo.
94,blog-feature,300,"Ghana Employer Payroll Compliance 2026 | PAYE, SSNIT and GRA Filing Guide",ghana-employer-payroll-compliance-2026,ghana-employer-payroll-compliance-2026,/blog/ghana-employer-payroll-compliance-2026/,/assets/img/blog/,ghana-employer-payroll-compliance-2026.webp,1200x630,WebP,"Create an editorial feature image for the AfroTools article ""Ghana Employer Payroll Compliance 2026 | PAYE, SSNIT and GRA Filing Guide"". African context where relevant, clean realistic composition, no readable text, no logos, no fake screenshots, 1200x630 crop.",Blog feature and OG image.
95,blog-feature,300,"Igbo Market Days Explained: Eke, Orie, Afor, Nkwo Calendar 2026",igbo-market-days,igbo-market-days,/blog/igbo-market-days/,/assets/img/blog/,igbo-market-days.webp,1200x630,WebP,"Create an editorial feature image for the AfroTools article ""Igbo Market Days Explained: Eke, Orie, Afor, Nkwo Calendar 2026 | AfroTools"". African context where relevant, clean realistic composition, no readable text, no logos, no fake screenshots, 1200x630 crop.",Blog feature and OG image.
96,blog-feature,300,"Kenya Import Duty Calculator Guide 2026 | KRA Duty, IDF, RDL and VAT",import-duty-calculator-kenya-2026,import-duty-calculator-kenya-2026,/blog/import-duty-calculator-kenya-2026/,/assets/img/blog/,import-duty-calculator-kenya-2026.webp,1200x630,WebP,"Create an editorial feature image for the AfroTools article ""Kenya Import Duty Calculator Guide 2026 | KRA Duty, IDF, RDL and VAT"". African context where relevant, clean realistic composition, no readable text, no logos, no fake screenshots, 1200x630 crop.",Blog feature and OG image.
97,blog-feature,300,Kenya Capital Gains Tax 2026 | KRA 15% CGT Guide,kenya-capital-gains-tax-2026,kenya-capital-gains-tax-2026,/blog/kenya-capital-gains-tax-2026/,/assets/img/blog/,kenya-capital-gains-tax-2026.webp,1200x630,WebP,"Create an editorial feature image for the AfroTools article ""Kenya Capital Gains Tax 2026 | KRA 15% CGT Guide"". African context where relevant, clean realistic composition, no readable text, no logos, no fake screenshots, 1200x630 crop.",Blog feature and OG image.
98,platform-og,280,AfroAtlas country intelligence,og-afroatlas,og-afroatlas,/tools/afroatlas/,/assets/img/og/,og-afroatlas.webp,1200x630,WebP,"Create a 1200x630 AfroTools Open Graph image for AfroAtlas country intelligence. Show map panels, country facts, comparison dashboard. Strong first-glance subject, clean product feel, no readable text, no logos.",Platform-level social image.
99,platform-og,280,AfroKitchen recipe atlas,og-afrokitchen,og-afrokitchen,/tools/afrokitchen/,/assets/img/og/,og-afrokitchen.webp,1200x630,WebP,"Create a 1200x630 AfroTools Open Graph image for AfroKitchen recipe atlas. Show African recipe table, plated dishes, country recipe cards. Strong first-glance subject, clean product feel, no readable text, no logos.",Platform-level social image.
100,platform-og,280,AfroStream creator discovery,og-afrostream,og-afrostream,/tools/afrostream/,/assets/img/og/,og-afrostream.webp,1200x630,WebP,"Create a 1200x630 AfroTools Open Graph image for AfroStream creator discovery. Show creator dashboard, video thumbnails as abstract shapes, African creator economy. Strong first-glance subject, clean product feel, no readable text, no logos.",Platform-level social image.
